block_num,last_mode,tx_count,warm_hits,sched_us,g0,g1,g2,alloc_mb
1,DISABLED,1,0,0,0,0,0,34.448
2,DISABLED,1,0,0,0,0,0,9.489
3,DISABLED,1,0,0,0,0,0,17.281
4,DISABLED,1,0,0,0,0,0,16.995
5,DISABLED,1,0,0,0,0,0,0.213
6,DISABLED,1,0,0,0,0,0,0.546
7,DISABLED,1,0,0,0,0,0,0.761
8,DISABLED,1,0,0,0,0,0,0.686
9,DISABLED,1,0,0,0,0,0,0.225
10,DISABLED,1,0,0,0,0,0,0.209
11,DISABLED,1,0,0,0,0,0,0.249
12,DISABLED,1,0,0,0,0,0,0.264
13,DISABLED,1,0,0,0,0,0,0.217
14,DISABLED,1,0,0,0,0,0,0.304
15,DISABLED,1,0,0,0,0,0,0.561
16,DISABLED,1,0,0,0,0,0,0.248
17,DISABLED,1,0,0,0,0,0,0.384
18,DISABLED,1,0,0,0,0,0,0.224
19,DISABLED,1,0,0,0,0,0,0.235
20,DISABLED,1,0,0,0,0,0,0.348
21,DISABLED,1,0,0,0,0,0,0.998
22,DISABLED,1,0,0,0,0,0,1.055
23,DISABLED,1,0,0,0,0,0,0.654
24,DISABLED,1,0,0,0,0,0,0.474
25,DISABLED,1,0,0,0,0,0,0.166
26,DISABLED,1,0,0,0,0,0,0.405
27,DISABLED,1,0,0,0,0,0,0.094
28,DISABLED,1,0,0,0,0,0,0.144
29,DISABLED,1,0,0,0,0,0,0.410
30,DISABLED,1,0,0,0,0,0,0.070
31,DISABLED,1,0,0,0,0,0,0.047
32,DISABLED,1,0,0,0,0,0,0.179
33,DISABLED,1,0,0,0,0,0,0.133
34,DISABLED,1,0,0,0,0,0,0.085
35,DISABLED,1,0,0,0,0,0,0.055
36,DISABLED,1,0,0,0,0,0,0.063
37,DISABLED,1,0,0,0,0,0,0.093
38,DISABLED,1,0,0,0,0,0,0.070
39,DISABLED,1,0,0,0,0,0,0.070
40,DISABLED,1,0,0,0,0,0,0.062
41,DISABLED,1,0,0,0,0,0,0.062
42,DISABLED,1,0,0,0,0,0,0.094
43,DISABLED,1,0,0,0,0,0,0.062
44,DISABLED,1,0,0,0,0,0,0.055
45,DISABLED,1,0,0,0,0,0,0.101
46,DISABLED,1,0,0,0,0,0,0.156
47,DISABLED,1,0,0,0,0,0,0.094
48,DISABLED,1,0,0,0,0,0,0.070
49,DISABLED,1,0,0,0,0,0,0.062
50,DISABLED,1,0,0,0,0,0,0.062
51,DISABLED,1,0,0,0,0,0,0.062
52,DISABLED,1,0,0,0,0,0,0.078
53,DISABLED,1,0,0,0,0,0,0.070
54,DISABLED,1,0,0,0,0,0,0.062
55,DISABLED,1,0,0,0,0,0,0.063
56,DISABLED,1,0,0,0,0,0,0.063
57,DISABLED,1,0,0,0,0,0,0.093
58,DISABLED,1,0,0,0,0,0,0.063
59,DISABLED,1,0,0,0,0,0,0.078
60,DISABLED,1,0,0,0,0,0,0.062
61,DISABLED,1,0,0,0,0,0,0.070
62,DISABLED,1,0,0,0,0,0,0.094
63,DISABLED,1,0,0,0,0,0,0.078
64,DISABLED,1,0,0,0,0,0,0.054
65,DISABLED,1,0,0,0,0,0,0.078
66,DISABLED,1,0,0,0,0,0,0.084
67,DISABLED,1,0,0,0,0,0,0.187
68,DISABLED,1,0,0,0,0,0,0.093
69,DISABLED,1,0,0,0,0,0,0.055
70,DISABLED,1,0,0,0,0,0,0.062
71,DISABLED,1,0,0,0,0,0,0.070
72,DISABLED,1,0,0,0,0,0,0.101
73,DISABLED,1,0,0,0,0,0,0.063
74,DISABLED,1,0,0,0,0,0,0.070
75,DISABLED,1,0,0,0,0,0,0.062
76,DISABLED,1,0,0,0,0,0,0.070
77,DISABLED,1,0,0,0,0,0,0.093
78,DISABLED,1,0,0,0,0,0,0.063
79,DISABLED,1,0,0,0,0,0,0.070
80,DISABLED,1,0,0,0,0,0,0.062
81,DISABLED,1,0,0,0,0,0,0.082
82,DISABLED,1,0,0,0,0,0,0.094
83,DISABLED,1,0,0,0,0,0,0.062
84,DISABLED,1,0,0,0,0,0,0.062
85,DISABLED,1,0,0,0,0,0,0.070
86,DISABLED,1,0,0,0,0,0,0.058
87,DISABLED,1,0,0,0,0,0,0.094
88,DISABLED,1,0,0,0,0,0,0.163
89,DISABLED,1,0,0,0,0,0,0.109
90,DISABLED,1,0,0,0,0,0,0.062
91,DISABLED,1,0,0,0,0,0,0.078
92,DISABLED,1,0,0,0,0,0,0.101
93,DISABLED,1,0,0,0,0,0,0.047
94,DISABLED,1,0,0,0,0,0,0.070
95,DISABLED,1,0,0,0,0,0,0.070
96,DISABLED,1,0,0,0,0,0,0.062
97,DISABLED,1,0,0,0,0,0,0.094
98,DISABLED,1,0,0,0,0,0,0.070
99,DISABLED,1,0,0,0,0,0,0.070
100,DISABLED,1,0,0,0,0,0,0.062
101,DISABLED,1,0,0,0,0,0,0.062
102,DISABLED,1,0,0,0,0,0,0.000
103,DISABLED,1,0,0,0,0,0,0.093
104,DISABLED,1,0,0,0,0,0,0.054
105,DISABLED,1,0,0,0,0,0,0.062
106,DISABLED,1,0,0,0,0,0,0.070
107,DISABLED,1,0,0,0,0,0,0.086
108,DISABLED,1,0,0,0,0,0,0.078
109,DISABLED,1,0,0,0,0,0,0.132
110,DISABLED,1,0,0,0,0,0,0.125
111,DISABLED,1,0,0,0,0,0,0.070
112,DISABLED,1,0,0,0,0,0,0.093
113,DISABLED,1,0,0,0,0,0,0.070
114,DISABLED,1,0,0,0,0,0,0.054
115,DISABLED,1,0,0,0,0,0,0.062
116,DISABLED,1,0,0,0,0,0,0.070
117,DISABLED,1,0,0,0,0,0,0.094
118,DISABLED,1,0,0,0,0,0,0.070
119,DISABLED,1,0,0,0,0,0,0.000
120,DISABLED,1,0,0,0,0,0,0.051
121,DISABLED,1,0,0,0,0,0,0.070
122,DISABLED,1,0,0,0,0,0,0.086
123,DISABLED,1,0,0,0,0,0,0.062
124,DISABLED,1,0,0,0,0,0,0.062
125,DISABLED,1,0,0,0,0,0,0.062
126,DISABLED,1,0,0,0,0,0,0.047
127,DISABLED,1,0,0,0,0,0,0.101
128,DISABLED,1,0,0,0,0,0,0.054
129,DISABLED,1,0,0,0,0,0,0.070
130,DISABLED,1,0,0,0,0,0,0.101
131,DISABLED,1,0,0,0,0,0,0.156
132,DISABLED,1,0,0,0,0,0,0.086
133,DISABLED,1,0,0,0,0,0,0.070
134,DISABLED,1,0,0,0,0,0,0.070
135,DISABLED,1,0,0,0,0,0,0.054
136,DISABLED,1,0,0,0,0,0,0.062
137,DISABLED,1,0,0,0,0,0,0.109
138,DISABLED,1,0,0,0,0,0,0.047
139,DISABLED,1,0,0,0,0,0,0.062
140,DISABLED,1,0,0,0,0,0,0.070
141,DISABLED,1,0,0,0,0,0,0.063
142,DISABLED,1,0,0,0,0,0,0.101
143,DISABLED,1,0,0,0,0,0,0.070
144,DISABLED,1,0,0,0,0,0,0.070
145,DISABLED,1,0,0,0,0,0,0.062
146,DISABLED,1,0,0,0,0,0,0.062
147,DISABLED,1,0,0,0,0,0,0.094
148,DISABLED,1,0,0,0,0,0,0.070
149,DISABLED,1,0,0,0,0,0,0.062
150,DISABLED,1,0,0,0,0,0,0.055
151,DISABLED,1,0,0,0,0,0,0.078
152,DISABLED,1,0,0,0,0,0,0.202
153,DISABLED,1,0,0,0,0,0,0.086
154,DISABLED,1,0,0,0,0,0,0.062
155,DISABLED,1,0,0,0,0,0,0.086
156,DISABLED,1,0,0,0,0,0,0.047
157,DISABLED,1,0,0,0,0,0,0.109
158,DISABLED,1,0,0,0,0,0,0.055
159,DISABLED,1,0,0,0,0,0,0.062
160,DISABLED,1,0,0,0,0,0,0.063
161,DISABLED,1,0,0,0,0,0,0.062
162,DISABLED,1,0,0,0,0,0,0.093
163,DISABLED,1,0,0,0,0,0,0.070
164,DISABLED,1,0,0,0,0,0,0.063
165,DISABLED,1,0,0,0,0,0,0.062
166,DISABLED,1,0,0,0,0,0,0.062
167,DISABLED,1,0,0,0,0,0,0.094
168,DISABLED,1,0,0,0,0,0,0.070
169,DISABLED,1,0,0,0,0,0,0.063
170,DISABLED,1,0,0,0,0,0,0.054
171,DISABLED,1,0,0,0,0,0,0.062
172,DISABLED,1,0,0,0,0,0,0.093
173,DISABLED,1,0,0,0,0,0,0.183
174,DISABLED,1,0,0,0,0,0,0.109
175,DISABLED,1,0,0,0,0,0,0.062
176,DISABLED,1,0,0,0,0,0,0.055
177,DISABLED,1,0,0,0,0,0,0.093
178,DISABLED,1,0,0,0,0,0,0.078
179,DISABLED,1,0,0,0,0,0,0.062
180,DISABLED,1,0,0,0,0,0,0.047
181,DISABLED,1,0,0,0,0,0,0.070
182,DISABLED,1,0,0,0,0,0,0.101
183,DISABLED,1,0,0,0,0,0,0.070
184,DISABLED,1,0,0,0,0,0,0.070
185,DISABLED,1,0,0,0,0,0,0.061
186,DISABLED,1,0,0,0,0,0,0.055
187,DISABLED,1,0,0,0,0,0,0.094
188,DISABLED,1,0,0,0,0,0,0.070
189,DISABLED,1,0,0,0,0,0,0.070
190,DISABLED,1,0,0,0,0,0,0.054
191,DISABLED,1,0,0,0,0,0,0.062
192,DISABLED,1,0,0,0,0,0,0.101
193,DISABLED,1,0,0,0,0,0,0.070
194,DISABLED,1,0,0,0,0,0,0.101
195,DISABLED,1,0,0,0,0,0,0.156
196,DISABLED,1,0,0,0,0,0,0.062
197,DISABLED,1,0,0,0,0,0,0.086
198,DISABLED,1,0,0,0,0,0,0.070
199,DISABLED,1,0,0,0,0,0,0.063
200,DISABLED,1,0,0,0,0,0,0.068
201,DISABLED,1,0,0,0,0,0,0.062
202,DISABLED,1,0,0,0,0,0,0.086
203,DISABLED,1,0,0,0,0,0,0.070
204,DISABLED,1,0,0,0,0,0,0.062
205,DISABLED,1,0,0,0,0,0,0.070
206,DISABLED,1,0,0,0,0,0,0.070
207,DISABLED,1,0,0,0,0,0,0.094
208,DISABLED,1,0,0,0,0,0,0.058
209,DISABLED,1,0,0,0,0,0,0.062
210,DISABLED,1,0,0,0,0,0,0.080
211,DISABLED,1,0,0,0,0,0,0.063
212,DISABLED,1,0,0,0,0,0,0.097
213,DISABLED,1,0,0,0,0,0,0.070
214,DISABLED,1,0,0,0,0,0,0.070
215,DISABLED,1,0,0,0,0,0,0.090
216,DISABLED,1,0,0,0,0,0,0.171
217,DISABLED,1,0,0,0,0,0,0.148
218,DISABLED,1,0,0,0,0,0,0.109
219,DISABLED,1,0,0,0,0,0,0.063
220,DISABLED,1,0,0,0,0,0,0.070
221,DISABLED,1,0,0,0,0,0,0.062
222,DISABLED,1,0,0,0,0,0,0.094
223,DISABLED,1,0,0,0,0,0,0.062
224,DISABLED,1,0,0,0,0,0,0.070
225,DISABLED,1,0,0,0,0,0,0.070
226,DISABLED,1,0,0,0,0,0,0.063
227,DISABLED,1,0,0,0,0,0,0.094
228,DISABLED,1,0,0,0,0,0,0.062
229,DISABLED,1,0,0,0,0,0,0.062
230,DISABLED,1,0,0,0,0,0,0.062
231,DISABLED,1,0,0,0,0,0,0.086
232,DISABLED,1,0,0,0,0,0,0.109
233,DISABLED,1,0,0,0,0,0,0.063
234,DISABLED,1,0,0,0,0,0,0.070
235,DISABLED,1,0,0,0,0,0,0.054
236,DISABLED,1,0,0,0,0,0,0.078
237,DISABLED,1,0,0,0,0,0,0.202
238,DISABLED,1,0,0,0,0,0,0.124
239,DISABLED,1,0,0,0,0,0,0.055
240,DISABLED,1,0,0,0,0,0,0.070
241,DISABLED,1,0,0,0,0,0,0.062
242,DISABLED,1,0,0,0,0,0,0.101
243,DISABLED,1,0,0,0,0,0,0.055
244,DISABLED,1,0,0,0,0,0,0.116
245,DISABLED,1,0,0,0,0,0,0.062
246,DISABLED,1,0,0,0,0,0,0.062
247,DISABLED,1,0,0,0,0,0,0.086
248,DISABLED,1,0,0,0,0,0,0.078
249,DISABLED,1,0,0,0,0,0,0.062
250,DISABLED,1,0,0,0,0,0,0.070
251,DISABLED,1,0,0,0,0,0,0.063
252,DISABLED,1,0,0,0,0,0,0.093
253,DISABLED,1,0,0,0,0,0,0.109
254,DISABLED,1,0,0,0,0,0,0.070
255,DISABLED,1,0,0,0,0,0,0.063
256,DISABLED,1,0,0,0,0,0,0.070
257,DISABLED,1,0,0,0,0,0,0.093
258,DISABLED,1,0,0,0,0,0,0.164
259,DISABLED,1,0,0,0,0,0,0.117
260,DISABLED,1,0,0,0,0,0,0.109
261,DISABLED,1,0,0,0,0,0,0.078
262,DISABLED,1,0,0,0,0,0,0.093
263,DISABLED,1,0,0,0,0,0,0.070
264,DISABLED,1,0,0,0,0,0,0.101
265,DISABLED,1,0,0,0,0,0,0.062
266,DISABLED,1,0,0,0,0,0,0.070
267,DISABLED,1,0,0,0,0,0,0.094
268,DISABLED,1,0,0,0,0,0,0.062
269,DISABLED,1,0,0,0,0,0,0.070
270,DISABLED,1,0,0,0,0,0,0.070
271,DISABLED,1,0,0,0,0,0,0.062
272,DISABLED,1,0,0,0,0,0,0.101
273,DISABLED,1,0,0,0,0,0,0.063
274,DISABLED,1,0,0,0,0,0,0.070
275,DISABLED,1,0,0,0,0,0,0.063
276,DISABLED,1,0,0,0,0,0,0.062
277,DISABLED,1,0,0,0,0,0,0.094
278,DISABLED,1,0,0,0,0,0,0.062
279,DISABLED,1,0,0,0,0,0,0.136
280,DISABLED,1,0,0,0,0,0,0.133
281,DISABLED,1,0,0,0,0,0,0.070
282,DISABLED,1,0,0,0,0,0,0.093
283,DISABLED,1,0,0,0,0,0,0.062
284,DISABLED,1,0,0,0,0,0,0.070
285,DISABLED,1,0,0,0,0,0,0.062
286,DISABLED,1,0,0,0,0,0,0.054
287,DISABLED,1,0,0,0,0,0,0.101
288,DISABLED,1,0,0,0,0,0,0.070
289,DISABLED,1,0,0,0,0,0,0.070
290,DISABLED,1,0,0,0,0,0,0.063
291,DISABLED,1,0,0,0,0,0,0.070
292,DISABLED,1,0,0,0,0,0,0.094
293,DISABLED,1,0,0,0,0,0,0.062
294,DISABLED,1,0,0,0,0,0,0.070
295,DISABLED,1,0,0,0,0,0,0.055
296,DISABLED,1,0,0,0,0,0,0.086
297,DISABLED,1,0,0,0,0,0,0.086
298,DISABLED,1,0,0,0,0,0,0.062
299,DISABLED,1,0,0,0,0,0,0.063
300,DISABLED,1,0,0,0,0,0,0.109
301,DISABLED,3,0,0,0,0,0,1.070
302,DISABLED,14,0,0,0,0,0,1.643
303,DISABLED,23,0,0,0,0,0,1.431
304,DISABLED,30,0,0,0,0,0,1.592
305,DISABLED,30,0,0,0,0,0,1.588
306,DISABLED,30,0,0,0,0,0,1.657
307,DISABLED,30,0,0,0,0,0,2.220
308,DISABLED,30,0,0,0,0,0,1.974
309,DISABLED,30,0,0,0,0,0,2.033
310,DISABLED,30,0,0,0,0,0,1.799
311,DISABLED,30,0,0,0,0,0,2.496
312,DISABLED,30,0,0,0,0,0,2.207
313,DISABLED,30,0,0,0,0,0,2.424
314,DISABLED,30,0,0,0,0,0,2.264
315,DISABLED,30,0,0,0,0,0,2.756
316,DISABLED,30,0,0,0,0,0,2.481
317,DISABLED,30,0,0,0,0,0,2.968
318,DISABLED,30,0,0,0,0,0,3.507
319,DISABLED,30,0,0,0,0,0,2.711
320,DISABLED,30,0,0,0,0,0,2.625
321,DISABLED,30,0,0,0,0,0,2.696
322,DISABLED,30,0,0,0,0,0,2.773
323,DISABLED,30,0,0,0,0,0,3.224
324,DISABLED,30,0,0,0,0,0,3.506
325,DISABLED,30,0,0,0,0,0,3.871
326,DISABLED,30,0,0,0,0,0,3.647
327,DISABLED,30,0,0,0,0,0,3.411
328,DISABLED,30,0,0,0,0,0,3.831
329,DISABLED,30,0,0,0,0,0,3.865
330,DISABLED,30,0,0,0,0,0,3.606
331,DISABLED,30,0,0,0,0,0,3.520
332,DISABLED,30,0,0,0,0,0,3.562
333,DISABLED,30,0,0,0,0,0,4.195
334,DISABLED,30,0,0,0,0,0,3.567
335,DISABLED,30,0,0,0,0,0,3.338
336,DISABLED,30,0,0,0,0,0,3.926
337,DISABLED,30,0,0,0,0,0,3.692
338,DISABLED,30,0,0,0,0,0,3.857
339,DISABLED,30,0,0,0,0,0,3.488
340,DISABLED,30,0,0,0,0,0,3.805
341,DISABLED,30,0,0,0,0,0,3.925
342,DISABLED,30,0,0,0,0,0,3.358
343,DISABLED,30,0,0,0,0,0,3.707
344,DISABLED,30,0,0,0,0,0,3.573
345,DISABLED,30,0,0,0,0,0,3.497
346,DISABLED,30,0,0,0,0,0,3.373
347,DISABLED,30,0,0,0,0,0,3.403
348,DISABLED,30,0,0,0,0,0,3.626
349,DISABLED,30,0,0,0,0,0,3.655
350,DISABLED,30,0,0,0,0,0,3.548
351,DISABLED,30,0,0,0,0,0,3.673
352,DISABLED,30,0,0,0,0,0,3.506
353,DISABLED,30,0,0,0,0,0,3.555
354,DISABLED,30,0,0,0,0,0,3.588
355,DISABLED,30,0,0,0,0,0,3.624
356,DISABLED,30,0,0,0,0,0,3.710
357,DISABLED,30,0,0,0,0,0,3.458
358,DISABLED,30,0,0,0,0,0,3.402
359,DISABLED,30,0,0,0,0,0,3.516
360,DISABLED,30,0,0,0,0,0,3.750
361,DISABLED,30,0,0,0,0,0,3.431
362,DISABLED,30,0,0,0,0,0,3.245
363,DISABLED,30,0,0,0,0,0,3.519
364,DISABLED,30,0,0,0,0,0,3.406
365,DISABLED,30,0,0,0,0,0,3.393
366,DISABLED,30,0,0,0,0,0,3.315
367,DISABLED,30,0,0,0,0,0,3.604
368,DISABLED,30,0,0,0,0,0,4.592
369,DISABLED,30,0,0,0,0,0,3.545
370,DISABLED,30,0,0,0,0,0,3.688
371,DISABLED,30,0,0,0,0,0,3.690
372,DISABLED,30,0,0,0,0,0,3.408
373,DISABLED,30,0,0,0,0,0,3.378
374,DISABLED,30,0,0,0,0,0,3.619
375,DISABLED,30,0,0,0,0,0,3.641
376,DISABLED,30,0,0,0,0,0,3.578
377,DISABLED,30,0,0,0,0,0,4.058
378,DISABLED,30,0,0,0,0,0,3.443
379,DISABLED,30,0,0,0,0,0,3.495
380,DISABLED,30,0,0,0,0,0,3.563
381,DISABLED,30,0,0,0,0,0,3.599
382,DISABLED,30,0,0,0,0,0,3.605
383,DISABLED,30,0,0,0,0,0,3.707
384,DISABLED,30,0,0,0,0,0,3.586
385,DISABLED,30,0,0,0,0,0,3.632
386,DISABLED,30,0,0,0,0,0,3.621
387,DISABLED,30,0,0,0,0,0,3.621
388,DISABLED,30,0,0,0,0,0,3.426
389,DISABLED,30,0,0,0,0,0,3.512
390,DISABLED,30,0,0,0,0,0,3.660
391,DISABLED,30,0,0,0,0,0,3.582
392,DISABLED,30,0,0,0,0,0,3.293
393,DISABLED,30,0,0,0,0,0,3.586
394,DISABLED,30,0,0,0,0,0,3.434
395,DISABLED,30,0,0,0,0,0,3.275
396,DISABLED,30,0,0,0,0,0,3.559
397,DISABLED,30,0,0,0,0,0,3.654
398,DISABLED,30,0,0,0,0,0,3.649
399,DISABLED,30,0,0,0,0,0,3.534
400,DISABLED,30,0,0,0,0,0,3.667
401,DISABLED,30,0,0,0,0,0,3.964
402,DISABLED,30,0,0,0,0,0,3.370
403,DISABLED,30,0,0,0,0,0,3.379
404,DISABLED,30,0,0,0,0,0,3.711
405,DISABLED,30,0,0,0,0,0,3.508
406,DISABLED,30,0,0,0,0,0,3.729
407,DISABLED,30,0,0,0,0,0,3.566
408,DISABLED,30,0,0,0,0,0,3.553
409,DISABLED,30,0,0,0,0,0,3.418
410,DISABLED,30,0,0,0,0,0,3.574
411,DISABLED,30,0,0,0,0,0,3.519
412,DISABLED,30,0,0,0,0,0,3.629
413,DISABLED,30,0,0,0,0,0,3.533
414,DISABLED,30,0,0,0,0,0,3.524
415,DISABLED,30,0,0,0,0,0,3.614
416,DISABLED,30,0,0,0,0,0,3.596
417,DISABLED,30,0,0,0,0,0,3.782
418,DISABLED,30,0,0,0,0,0,3.368
419,DISABLED,30,0,0,0,0,0,3.433
420,DISABLED,30,0,0,0,0,0,3.511
421,DISABLED,30,0,0,0,0,0,3.547
422,DISABLED,30,0,0,0,0,0,3.188
423,DISABLED,30,0,0,0,0,0,3.614
424,DISABLED,30,0,0,0,0,0,3.534
425,DISABLED,30,0,0,0,0,0,3.212
426,DISABLED,30,0,0,0,0,0,3.446
427,DISABLED,30,0,0,0,0,0,3.648
428,DISABLED,30,0,0,0,0,0,3.584
429,DISABLED,30,0,0,2,1,1,2.047
430,DISABLED,30,0,0,0,0,0,8.115
431,DISABLED,30,0,0,0,0,0,4.050
432,DISABLED,30,0,0,0,0,0,3.926
433,DISABLED,30,0,0,0,0,0,3.895
434,DISABLED,30,0,0,0,0,0,4.143
435,DISABLED,30,0,0,0,0,0,3.952
436,DISABLED,30,0,0,0,0,0,3.978
437,DISABLED,30,0,0,0,0,0,4.104
438,DISABLED,30,0,0,0,0,0,3.731
439,DISABLED,30,0,0,0,0,0,5.794
440,DISABLED,30,0,0,0,0,0,4.135
441,DISABLED,30,0,0,0,0,0,3.712
442,DISABLED,30,0,0,0,0,0,3.398
443,DISABLED,30,0,0,0,0,0,3.354
444,DISABLED,30,0,0,0,0,0,3.870
445,DISABLED,30,0,0,0,0,0,4.060
446,DISABLED,30,0,0,0,0,0,3.780
447,DISABLED,30,0,0,0,0,0,3.113
448,DISABLED,30,0,0,0,0,0,2.807
449,DISABLED,30,0,0,0,0,0,3.166
450,DISABLED,30,0,0,0,0,0,3.069
451,DISABLED,30,0,0,0,0,0,2.939
452,DISABLED,30,0,0,0,0,0,2.305
453,DISABLED,30,0,0,0,0,0,2.735
454,DISABLED,30,0,0,0,0,0,2.673
455,DISABLED,30,0,0,0,0,0,2.868
456,DISABLED,30,0,0,0,0,0,2.391
457,DISABLED,30,0,0,0,0,0,2.396
458,DISABLED,30,0,0,0,0,0,2.212
459,DISABLED,30,0,0,0,0,0,2.438
460,DISABLED,30,0,0,0,0,0,2.739
461,DISABLED,30,0,0,0,0,0,2.019
462,DISABLED,30,0,0,0,0,0,1.927
463,DISABLED,30,0,0,0,0,0,1.852
464,DISABLED,30,0,0,0,0,0,1.961
465,DISABLED,30,0,0,0,0,0,1.977
466,DISABLED,30,0,0,0,0,0,2.371
467,DISABLED,30,0,0,0,0,0,2.151
468,DISABLED,30,0,0,0,0,0,1.812
469,DISABLED,30,0,0,0,0,0,2.147
470,DISABLED,30,0,0,0,0,0,2.078
471,DISABLED,30,0,0,0,0,0,2.093
472,DISABLED,30,0,0,0,0,0,2.359
473,DISABLED,30,0,0,0,0,0,2.025
474,DISABLED,30,0,0,0,0,0,2.162
475,DISABLED,30,0,0,0,0,0,2.062
476,DISABLED,30,0,0,0,0,0,2.031
477,DISABLED,30,0,0,0,0,0,2.054
478,DISABLED,30,0,0,0,0,0,1.921
479,DISABLED,30,0,0,0,0,0,1.828
480,DISABLED,30,0,0,0,0,0,1.905
481,DISABLED,30,0,0,0,0,0,2.098
482,DISABLED,30,0,0,0,0,0,1.764
483,DISABLED,30,0,0,0,0,0,2.007
484,DISABLED,30,0,0,0,0,0,1.945
485,DISABLED,30,0,0,0,0,0,2.078
486,DISABLED,30,0,0,0,0,0,1.791
487,DISABLED,30,0,0,0,0,0,2.463
488,DISABLED,30,0,0,0,0,0,2.076
489,DISABLED,30,0,0,0,0,0,1.946
490,DISABLED,30,0,0,0,0,0,2.070
491,DISABLED,30,0,0,0,0,0,2.143
492,DISABLED,30,0,0,0,0,0,1.890
493,DISABLED,30,0,0,0,0,0,1.836
494,DISABLED,30,0,0,0,0,0,2.047
495,DISABLED,30,0,0,0,0,0,2.000
496,DISABLED,30,0,0,0,0,0,2.015
497,DISABLED,30,0,0,0,0,0,1.853
498,DISABLED,30,0,0,0,0,0,2.062
499,DISABLED,30,0,0,0,0,0,1.908
500,DISABLED,30,0,0,0,0,0,2.161
501,DISABLED,30,0,0,0,0,0,2.124
502,DISABLED,30,0,0,0,0,0,2.155
503,DISABLED,30,0,0,0,0,0,1.883
504,DISABLED,30,0,0,0,0,0,2.028
505,DISABLED,30,0,0,0,0,0,2.144
506,DISABLED,30,0,0,0,0,0,1.944
507,DISABLED,30,0,0,0,0,0,2.482
508,DISABLED,30,0,0,0,0,0,1.908
509,DISABLED,30,0,0,0,0,0,1.820
510,DISABLED,30,0,0,0,0,0,1.845
511,DISABLED,30,0,0,0,0,0,2.151
512,DISABLED,30,0,0,0,0,0,1.592
513,DISABLED,30,0,0,0,0,0,2.081
514,DISABLED,30,0,0,0,0,0,1.870
515,DISABLED,30,0,0,0,0,0,1.663
516,DISABLED,30,0,0,0,0,0,1.833
517,DISABLED,30,0,0,0,0,0,2.308
518,DISABLED,30,0,0,0,0,0,2.014
519,DISABLED,30,0,0,0,0,0,1.863
520,DISABLED,30,0,0,0,0,0,2.051
521,DISABLED,30,0,0,0,0,0,2.088
522,DISABLED,30,0,0,0,0,0,1.825
523,DISABLED,30,0,0,0,0,0,1.755
524,DISABLED,30,0,0,0,0,0,2.077
525,DISABLED,30,0,0,0,0,0,1.895
526,DISABLED,30,0,0,0,0,0,2.302
527,DISABLED,30,0,0,0,0,0,1.935
528,DISABLED,30,0,0,0,0,0,1.809
529,DISABLED,30,0,0,0,0,0,1.787
530,DISABLED,30,0,0,0,0,0,2.125
531,DISABLED,30,0,0,0,0,0,2.300
532,DISABLED,30,0,0,0,0,0,2.128
533,DISABLED,30,0,0,0,0,0,1.888
534,DISABLED,30,0,0,0,0,0,1.990
535,DISABLED,30,0,0,0,0,0,2.222
536,DISABLED,30,0,0,0,0,0,1.950
537,DISABLED,30,0,0,0,0,0,2.474
538,DISABLED,30,0,0,0,0,0,1.911
539,DISABLED,30,0,0,0,0,0,1.894
540,DISABLED,30,0,0,0,0,0,1.918
541,DISABLED,30,0,0,0,0,0,1.944
542,DISABLED,30,0,0,0,0,0,1.743
543,DISABLED,30,0,0,0,0,0,2.051
544,DISABLED,30,0,0,0,0,0,1.950
545,DISABLED,30,0,0,0,0,0,1.694
546,DISABLED,30,0,0,0,0,0,1.998
547,DISABLED,30,0,0,0,0,0,2.105
548,DISABLED,30,0,0,0,0,0,1.974
549,DISABLED,30,0,0,0,0,0,1.977
550,DISABLED,30,0,0,0,0,0,1.967
551,DISABLED,30,0,0,0,0,0,2.168
552,DISABLED,30,0,0,0,0,0,1.791
553,DISABLED,30,0,0,0,0,0,1.957
554,DISABLED,30,0,0,0,0,0,2.138
555,DISABLED,30,0,0,0,0,0,2.063
556,DISABLED,30,0,0,0,0,0,1.890
557,DISABLED,30,0,0,0,0,0,2.322
558,DISABLED,30,0,0,0,0,0,1.847
559,DISABLED,30,0,0,0,0,0,1.805
560,DISABLED,30,0,0,0,0,0,1.974
561,DISABLED,30,0,0,0,0,0,2.030
562,DISABLED,30,0,0,0,0,0,2.136
563,DISABLED,30,0,0,0,0,0,2.049
564,DISABLED,30,0,0,0,0,0,2.122
565,DISABLED,30,0,0,0,0,0,2.168
566,DISABLED,30,0,0,0,0,0,1.970
567,DISABLED,30,0,0,0,0,0,2.143
568,DISABLED,30,0,0,0,0,0,1.913
569,DISABLED,30,0,0,0,0,0,1.842
570,DISABLED,30,0,0,0,0,0,2.216
571,DISABLED,30,0,0,0,0,0,2.067
572,DISABLED,30,0,0,0,0,0,1.646
573,DISABLED,30,0,0,0,0,0,1.980
574,DISABLED,30,0,0,0,0,0,1.863
575,DISABLED,30,0,0,0,0,0,1.689
576,DISABLED,30,0,0,0,0,0,1.706
577,DISABLED,30,0,0,0,0,0,2.005
578,DISABLED,30,0,0,0,0,0,1.973
579,DISABLED,30,0,0,0,0,0,2.005
580,DISABLED,30,0,0,0,0,0,2.167
581,DISABLED,30,0,0,0,0,0,1.848
582,DISABLED,30,0,0,0,0,0,1.987
583,DISABLED,30,0,0,0,0,0,1.893
584,DISABLED,30,0,0,0,0,0,2.088
585,DISABLED,30,0,0,0,0,0,1.972
586,DISABLED,30,0,0,0,0,0,1.917
587,DISABLED,30,0,0,0,0,0,2.031
588,DISABLED,30,0,0,0,0,0,2.081
589,DISABLED,30,0,0,0,0,0,2.007
590,DISABLED,30,0,0,0,0,0,2.083
591,DISABLED,30,0,0,0,0,0,2.179
592,DISABLED,30,0,0,0,0,0,2.152
593,DISABLED,30,0,0,0,0,0,1.994
594,DISABLED,30,0,0,0,0,0,2.472
595,DISABLED,30,0,0,0,0,0,2.189
596,DISABLED,30,0,0,0,0,0,1.970
597,DISABLED,30,0,0,0,0,0,2.017
598,DISABLED,30,0,0,0,0,0,1.800
599,DISABLED,30,0,0,0,0,0,2.019
600,DISABLED,30,0,0,0,0,0,1.963
601,DISABLED,30,0,0,0,0,0,2.042
602,DISABLED,30,0,0,0,0,0,1.754
603,DISABLED,30,0,0,0,0,0,2.168
604,DISABLED,30,0,0,0,0,0,1.880
605,DISABLED,30,0,0,0,0,0,1.707
606,DISABLED,30,0,0,0,0,0,1.864
607,DISABLED,30,0,0,0,0,0,2.095
608,DISABLED,30,0,0,0,0,0,1.831
609,DISABLED,30,0,0,0,0,0,1.887
610,DISABLED,30,0,0,0,0,0,1.957
611,DISABLED,30,0,0,0,0,0,1.895
612,DISABLED,30,0,0,0,0,0,1.762
613,DISABLED,30,0,0,0,0,0,1.785
614,DISABLED,30,0,0,0,0,0,1.998
615,DISABLED,30,0,0,0,0,0,2.189
616,DISABLED,30,0,0,0,0,0,1.910
617,DISABLED,30,0,0,0,0,0,1.933
618,DISABLED,30,0,0,0,0,0,1.951
619,DISABLED,30,0,0,0,0,0,1.783
620,DISABLED,30,0,0,0,0,0,2.112
621,DISABLED,30,0,0,0,0,0,2.073
622,DISABLED,30,0,0,0,0,0,2.059
623,DISABLED,30,0,0,0,0,0,2.026
624,DISABLED,30,0,0,0,0,0,1.933
625,DISABLED,30,0,0,0,0,0,2.026
626,DISABLED,30,0,0,0,0,0,2.043
627,DISABLED,30,0,0,0,0,0,2.136
628,DISABLED,30,0,0,0,0,0,2.029
629,DISABLED,30,0,0,0,0,0,2.179
630,DISABLED,30,0,0,0,0,0,1.854
631,DISABLED,30,0,0,0,0,0,1.917
632,DISABLED,30,0,0,0,0,0,1.566
633,DISABLED,30,0,0,0,0,0,1.979
634,DISABLED,30,0,0,0,0,0,2.072
635,DISABLED,30,0,0,0,0,0,1.855
636,DISABLED,30,0,0,0,0,0,1.982
637,DISABLED,30,0,0,0,0,0,2.100
638,DISABLED,30,0,0,0,0,0,2.175
639,DISABLED,30,0,0,0,0,0,1.895
640,DISABLED,30,0,0,0,0,0,2.157
641,DISABLED,30,0,0,0,0,0,2.063
642,DISABLED,30,0,0,0,0,0,1.808
643,DISABLED,30,0,0,0,0,0,2.155
644,DISABLED,30,0,0,0,0,0,2.234
645,DISABLED,30,0,0,0,0,0,2.159
646,DISABLED,30,0,0,0,0,0,1.896
647,DISABLED,30,0,0,0,0,0,1.919
648,DISABLED,30,0,0,0,0,0,1.925
649,DISABLED,30,0,0,0,0,0,1.817
650,DISABLED,30,0,0,0,0,0,1.995
651,DISABLED,30,0,0,0,0,0,2.120
652,DISABLED,30,0,0,0,0,0,2.396
653,DISABLED,30,0,0,0,0,0,1.923
654,DISABLED,30,0,0,0,0,0,2.137
655,DISABLED,30,0,0,0,0,0,2.190
656,DISABLED,30,0,0,0,0,0,2.330
657,DISABLED,30,0,0,0,0,0,2.019
658,DISABLED,30,0,0,0,0,0,1.838
659,DISABLED,30,0,0,0,0,0,1.910
660,DISABLED,30,0,0,0,0,0,2.091
661,DISABLED,30,0,0,0,0,0,1.981
662,DISABLED,30,0,0,0,0,0,1.792
663,DISABLED,30,0,0,0,0,0,2.090
664,DISABLED,30,0,0,0,0,0,1.833
665,DISABLED,30,0,0,0,0,0,1.692
666,DISABLED,30,0,0,0,0,0,1.730
667,DISABLED,30,0,0,0,0,0,1.974
668,DISABLED,30,0,0,0,0,0,2.184
669,DISABLED,30,0,0,0,0,0,2.011
670,DISABLED,30,0,0,0,0,0,1.988
671,DISABLED,30,0,0,0,0,0,1.886
672,DISABLED,30,0,0,0,0,0,1.741
673,DISABLED,30,0,0,0,0,0,1.760
674,DISABLED,30,0,0,0,0,0,2.308
675,DISABLED,30,0,0,0,0,0,2.012
676,DISABLED,30,0,0,0,0,0,2.212
677,DISABLED,30,0,0,0,0,0,1.954
678,DISABLED,30,0,0,0,0,0,1.900
679,DISABLED,30,0,0,0,0,0,2.019
680,DISABLED,30,0,0,0,0,0,2.081
681,DISABLED,30,0,0,0,0,0,2.081
682,DISABLED,30,0,0,0,0,0,2.136
683,DISABLED,30,0,0,0,0,0,1.957
684,DISABLED,30,0,0,0,0,0,2.324
685,DISABLED,30,0,0,0,0,0,2.028
686,DISABLED,30,0,0,0,0,0,2.005
687,DISABLED,30,0,0,0,0,0,2.126
688,DISABLED,30,0,0,0,0,0,1.969
689,DISABLED,30,0,0,0,0,0,2.026
690,DISABLED,30,0,0,0,0,0,1.862
691,DISABLED,30,0,0,0,0,0,1.927
692,DISABLED,30,0,0,0,0,0,1.593
693,DISABLED,30,0,0,0,0,0,2.391
694,DISABLED,30,0,0,0,0,0,2.036
695,DISABLED,30,0,0,0,0,0,1.817
696,DISABLED,30,0,0,0,0,0,1.710
697,DISABLED,30,0,0,0,0,0,1.996
698,DISABLED,30,0,0,0,0,0,1.872
699,DISABLED,30,0,0,0,0,0,1.889
700,DISABLED,30,0,0,0,0,0,2.140
701,DISABLED,30,0,0,0,0,0,2.106
702,DISABLED,30,0,0,0,0,0,2.019
703,DISABLED,30,0,0,0,0,0,1.752
704,DISABLED,30,0,0,0,0,0,1.932
705,DISABLED,30,0,0,0,0,0,2.035
706,DISABLED,30,0,0,0,0,0,2.034
707,DISABLED,30,0,0,0,0,0,2.262
708,DISABLED,30,0,0,0,0,0,2.037
709,DISABLED,30,0,0,0,0,0,1.891
710,DISABLED,30,0,0,0,0,0,2.299
711,DISABLED,30,0,0,0,0,0,2.081
712,DISABLED,30,0,0,0,0,0,2.213
713,DISABLED,30,0,0,0,0,0,2.158
714,DISABLED,30,0,0,0,0,0,2.019
715,DISABLED,30,0,0,0,0,0,2.456
716,DISABLED,30,0,0,0,0,0,2.032
717,DISABLED,30,0,0,0,0,0,2.276
718,DISABLED,30,0,0,0,0,0,1.982
719,DISABLED,30,0,0,0,0,0,1.966
720,DISABLED,30,0,0,0,0,0,1.940
721,DISABLED,30,0,0,0,0,0,2.637
722,DISABLED,30,0,0,0,0,0,1.583
723,DISABLED,30,0,0,0,0,0,2.144
724,DISABLED,30,0,0,0,0,0,2.137
725,DISABLED,30,0,0,0,0,0,1.693
726,DISABLED,30,0,0,0,0,0,1.821
727,DISABLED,30,0,0,0,0,0,2.096
728,DISABLED,30,0,0,0,0,0,2.038
729,DISABLED,30,0,0,0,0,0,31.925
730,DISABLED,30,0,0,0,0,0,7.524
731,DISABLED,30,0,0,0,0,0,1.916
732,DISABLED,30,0,0,0,0,0,1.817
733,DISABLED,30,0,0,0,0,0,1.774
734,DISABLED,30,0,0,0,0,0,1.996
735,DISABLED,30,0,0,0,0,0,2.065
736,DISABLED,30,0,0,0,0,0,2.327
737,DISABLED,30,0,0,0,0,0,2.029
738,DISABLED,30,0,0,0,0,0,1.818
739,DISABLED,30,0,0,0,0,0,1.857
740,DISABLED,30,0,0,0,0,0,2.518
741,DISABLED,30,0,0,0,0,0,1.949
742,DISABLED,30,0,0,0,0,0,2.120
743,DISABLED,30,0,0,0,0,0,2.082
744,DISABLED,30,0,0,0,0,0,1.973
745,DISABLED,30,0,0,0,0,0,1.950
746,DISABLED,30,0,0,0,0,0,2.394
747,DISABLED,30,0,0,0,0,0,2.419
748,DISABLED,30,0,0,0,0,0,1.778
749,DISABLED,30,0,0,0,0,0,1.810
750,DISABLED,30,0,0,0,0,0,1.847
751,DISABLED,30,0,0,0,0,0,2.014
752,DISABLED,30,0,0,0,0,0,1.576
753,DISABLED,30,0,0,0,0,0,1.918
754,DISABLED,30,0,0,0,0,0,1.901
755,DISABLED,30,0,0,0,0,0,1.974
756,DISABLED,30,0,0,0,0,0,2.160
757,DISABLED,30,0,0,0,0,0,1.956
758,DISABLED,30,0,0,0,0,0,2.292
759,DISABLED,30,0,0,0,0,0,1.911
760,DISABLED,30,0,0,0,0,0,1.978
761,DISABLED,30,0,0,0,0,0,1.920
762,DISABLED,30,0,0,0,0,0,1.780
763,DISABLED,30,0,0,0,0,0,1.800
764,DISABLED,30,0,0,0,0,0,1.975
765,DISABLED,30,0,0,0,0,0,1.989
766,DISABLED,30,0,0,0,0,0,1.949
767,DISABLED,30,0,0,0,0,0,1.932
768,DISABLED,30,0,0,0,0,0,1.755
769,DISABLED,30,0,0,0,0,0,1.802
770,DISABLED,30,0,0,0,0,0,2.002
771,DISABLED,30,0,0,0,0,0,2.022
772,DISABLED,30,0,0,0,0,0,1.979
773,DISABLED,30,0,0,0,0,0,1.973
774,DISABLED,30,0,0,0,0,0,1.912
775,DISABLED,30,0,0,0,0,0,1.988
776,DISABLED,30,0,0,0,0,0,1.961
777,DISABLED,30,0,0,0,0,0,2.067
778,DISABLED,30,0,0,0,0,0,1.785
779,DISABLED,30,0,0,0,0,0,1.856
780,DISABLED,30,0,0,0,0,0,1.994
781,DISABLED,30,0,0,0,0,0,1.994
782,DISABLED,30,0,0,0,0,0,1.602
783,DISABLED,30,0,0,0,0,0,2.090
784,DISABLED,30,0,0,0,0,0,1.807
785,DISABLED,30,0,0,0,0,0,1.791
786,DISABLED,30,0,0,0,0,0,1.716
787,DISABLED,30,0,0,0,0,0,2.105
788,DISABLED,30,0,0,0,0,0,1.943
789,DISABLED,30,0,0,0,0,0,1.934
790,DISABLED,30,0,0,0,0,0,1.933
791,DISABLED,30,0,0,0,0,0,1.888
792,DISABLED,30,0,0,0,0,0,1.777
793,DISABLED,30,0,0,0,0,0,2.127
794,DISABLED,30,0,0,0,0,0,2.137
795,DISABLED,30,0,0,0,0,0,1.835
796,DISABLED,30,0,0,0,0,0,1.916
797,DISABLED,30,0,0,0,0,0,2.003
798,DISABLED,30,0,0,0,0,0,1.831
799,DISABLED,30,0,0,0,0,0,1.780
800,DISABLED,30,0,0,0,0,0,1.980
801,DISABLED,30,0,0,0,0,0,2.014
802,DISABLED,30,0,0,0,0,0,1.957
803,DISABLED,30,0,0,0,0,0,2.344
804,DISABLED,30,0,0,0,0,0,1.926
805,DISABLED,30,0,0,0,0,0,2.037
806,DISABLED,30,0,0,0,0,0,2.274
807,DISABLED,30,0,0,0,0,0,2.233
808,DISABLED,30,0,0,0,0,0,1.827
809,DISABLED,30,0,0,0,0,0,1.792
810,DISABLED,30,0,0,0,0,0,1.892
811,DISABLED,30,0,0,0,0,0,2.136
812,DISABLED,30,0,0,0,0,0,1.574
813,DISABLED,30,0,0,0,0,0,1.973
814,DISABLED,30,0,0,0,0,0,1.864
815,DISABLED,30,0,0,0,0,0,1.662
816,DISABLED,30,0,0,0,0,0,1.759
817,DISABLED,30,0,0,0,0,0,1.978
818,DISABLED,30,0,0,0,0,0,1.880
819,DISABLED,30,0,0,0,0,0,1.869
820,DISABLED,30,0,0,0,0,0,1.995
821,DISABLED,30,0,0,0,0,0,2.023
822,DISABLED,30,0,0,0,0,0,1.812
823,DISABLED,30,0,0,0,0,0,1.758
824,DISABLED,30,0,0,0,0,0,1.947
825,DISABLED,30,0,0,0,0,0,1.980
826,DISABLED,30,0,0,0,0,0,1.926
827,DISABLED,30,0,0,0,0,0,1.948
828,DISABLED,30,0,0,0,0,0,1.752
829,DISABLED,30,0,0,0,0,0,1.668
830,DISABLED,30,0,0,0,0,0,2.008
831,DISABLED,30,0,0,0,0,0,2.053
832,DISABLED,30,0,0,0,0,0,2.043
833,DISABLED,30,0,0,0,0,0,1.948
834,DISABLED,30,0,0,0,0,0,1.956
835,DISABLED,30,0,0,0,0,0,2.095
836,DISABLED,30,0,0,0,0,0,1.935
837,DISABLED,30,0,0,0,0,0,2.262
838,DISABLED,30,0,0,0,0,0,1.881
839,DISABLED,30,0,0,0,0,0,1.800
840,DISABLED,30,0,0,0,0,0,1.869
841,DISABLED,30,0,0,0,0,0,2.043
842,DISABLED,30,0,0,0,0,0,1.577
843,DISABLED,30,0,0,0,0,0,1.981
844,DISABLED,30,0,0,0,0,0,1.871
845,DISABLED,30,0,0,0,0,0,1.669
846,DISABLED,30,0,0,0,0,0,1.731
847,DISABLED,30,0,0,0,0,0,1.978
848,DISABLED,30,0,0,0,0,0,1.893
849,DISABLED,30,0,0,0,0,0,1.859
850,DISABLED,30,0,0,0,0,0,2.059
851,DISABLED,30,0,0,0,0,0,2.017
852,DISABLED,30,0,0,0,0,0,1.790
853,DISABLED,30,0,0,0,0,0,1.720
854,DISABLED,30,0,0,0,0,0,2.049
855,DISABLED,30,0,0,0,0,0,1.980
856,DISABLED,30,0,0,0,0,0,2.720
857,DISABLED,30,0,0,0,0,0,1.972
858,DISABLED,30,0,0,0,0,0,1.842
859,DISABLED,30,0,0,0,0,0,1.753
860,DISABLED,30,0,0,0,0,0,2.006
861,DISABLED,30,0,0,0,0,0,1.988
862,DISABLED,30,0,0,0,0,0,2.234
863,DISABLED,30,0,0,0,0,0,2.034
864,DISABLED,30,0,0,0,0,0,2.328
865,DISABLED,30,0,0,0,0,0,1.949
866,DISABLED,30,0,0,0,0,0,2.101
867,DISABLED,30,0,0,0,0,0,2.157
868,DISABLED,30,0,0,0,0,0,1.978
869,DISABLED,30,0,0,0,0,0,1.798
870,DISABLED,30,0,0,0,0,0,1.879
871,DISABLED,30,0,0,0,0,0,1.937
872,DISABLED,30,0,0,0,0,0,1.603
873,DISABLED,30,0,0,0,0,0,2.268
874,DISABLED,30,0,0,0,0,0,2.091
875,DISABLED,30,0,0,0,0,0,1.652
876,DISABLED,30,0,0,0,0,0,1.815
877,DISABLED,30,0,0,0,0,0,2.321
878,DISABLED,30,0,0,0,0,0,1.909
879,DISABLED,30,0,0,0,0,0,1.846
880,DISABLED,30,0,0,0,0,0,2.165
881,DISABLED,30,0,0,0,0,0,1.916
882,DISABLED,30,0,0,0,0,0,1.800
883,DISABLED,30,0,0,0,0,0,1.760
884,DISABLED,30,0,0,0,0,0,2.097
885,DISABLED,30,0,0,0,0,0,1.900
886,DISABLED,30,0,0,0,0,0,1.893
887,DISABLED,30,0,0,0,0,0,2.064
888,DISABLED,30,0,0,0,0,0,1.807
889,DISABLED,30,0,0,0,0,0,1.768
890,DISABLED,30,0,0,0,0,0,2.118
891,DISABLED,30,0,0,0,0,0,2.061
892,DISABLED,30,0,0,0,0,0,2.141
893,DISABLED,30,0,0,0,0,0,2.104
894,DISABLED,30,0,0,0,0,0,1.557
895,DISABLED,30,0,0,0,0,0,1.236
896,DISABLED,30,0,0,0,0,0,1.036
897,DISABLED,30,0,0,0,0,0,0.981
898,DISABLED,30,0,0,0,0,0,0.779
899,DISABLED,30,0,0,0,0,0,0.896
900,DISABLED,30,0,0,0,0,0,0.794
901,DISABLED,30,0,0,0,0,0,0.916
902,DISABLED,30,0,0,0,0,0,0.553
903,DISABLED,30,0,0,0,0,0,1.021
904,DISABLED,30,0,0,0,0,0,0.803
905,DISABLED,30,0,0,0,0,0,0.616
906,DISABLED,30,0,0,0,0,0,0.685
907,DISABLED,30,0,0,0,0,0,0.935
908,DISABLED,30,0,0,0,0,0,0.847
909,DISABLED,30,0,0,0,0,0,0.809
910,DISABLED,30,0,0,0,0,0,0.899
911,DISABLED,30,0,0,0,0,0,0.857
912,DISABLED,30,0,0,0,0,0,0.709
913,DISABLED,30,0,0,0,0,0,0.756
914,DISABLED,30,0,0,0,0,0,0.903
915,DISABLED,30,0,0,0,0,0,0.834
916,DISABLED,30,0,0,0,0,0,0.817
917,DISABLED,30,0,0,0,0,0,0.935
918,DISABLED,30,0,0,0,0,0,0.740
919,DISABLED,30,0,0,0,0,0,0.713
920,DISABLED,30,0,0,0,0,0,0.898
921,DISABLED,30,0,0,0,0,0,0.872
922,DISABLED,30,0,0,0,0,0,0.943
923,DISABLED,30,0,0,0,0,0,0.872
924,DISABLED,30,0,0,0,0,0,0.841
925,DISABLED,30,0,0,0,0,0,0.919
926,DISABLED,30,0,0,0,0,0,0.978
927,DISABLED,30,0,0,0,0,0,0.982
928,DISABLED,30,0,0,0,0,0,0.731
929,DISABLED,30,0,0,0,0,0,0.751
930,DISABLED,30,0,0,0,0,0,0.777
931,DISABLED,30,0,0,0,0,0,0.971
932,DISABLED,30,0,0,0,0,0,0.498
933,DISABLED,30,0,0,0,0,0,1.125
934,DISABLED,30,0,0,0,0,0,0.787
935,DISABLED,30,0,0,0,0,0,0.623
936,DISABLED,30,0,0,0,0,0,0.638
937,DISABLED,30,0,0,0,0,0,1.122
938,DISABLED,30,0,0,0,0,0,0.818
939,DISABLED,30,0,0,0,0,0,0.795
940,DISABLED,30,0,0,0,0,0,0.880
941,DISABLED,30,0,0,0,0,0,0.896
942,DISABLED,30,0,0,0,0,0,0.957
943,DISABLED,30,0,0,0,0,0,0.680
944,DISABLED,30,0,0,0,0,0,1.378
945,DISABLED,30,0,0,0,0,0,0.709
946,DISABLED,30,0,0,0,0,0,0.912
947,DISABLED,30,0,0,0,0,0,0.864
948,DISABLED,30,0,0,0,0,0,0.826
949,DISABLED,30,0,0,0,0,0,0.725
950,DISABLED,30,0,0,0,0,0,0.934
951,DISABLED,30,0,0,0,0,0,0.926
952,DISABLED,30,0,0,0,0,0,0.904
953,DISABLED,30,0,0,0,0,0,0.841
954,DISABLED,30,0,0,0,0,0,0.838
955,DISABLED,30,0,0,0,0,0,1.374
956,DISABLED,30,0,0,0,0,0,0.857
957,DISABLED,30,0,0,0,0,0,0.958
958,DISABLED,30,0,0,0,0,0,0.771
959,DISABLED,30,0,0,0,0,0,0.732
960,DISABLED,30,0,0,0,0,0,1.012
961,DISABLED,30,0,0,0,0,0,1.113
962,DISABLED,30,0,0,0,0,0,0.522
963,DISABLED,30,0,0,0,0,0,1.114
964,DISABLED,30,0,0,0,0,0,0.787
965,DISABLED,30,0,0,0,0,0,0.794
966,DISABLED,30,0,0,0,0,0,0.918
967,DISABLED,30,0,0,0,0,0,0.935
968,DISABLED,30,0,0,0,0,0,1.004
969,DISABLED,30,0,0,0,0,0,1.014
970,DISABLED,30,0,0,0,0,0,0.904
971,DISABLED,30,0,0,0,0,0,1.079
972,DISABLED,30,0,0,0,0,0,0.716
973,DISABLED,30,0,0,0,0,0,0.911
974,DISABLED,30,0,0,0,0,0,1.176
975,DISABLED,30,0,0,0,0,0,0.814
976,DISABLED,30,0,0,0,0,0,1.145
977,DISABLED,30,0,0,0,0,0,0.842
978,DISABLED,30,0,0,0,0,0,0.708
979,DISABLED,30,0,0,0,0,0,0.720
980,DISABLED,30,0,0,0,0,0,0.918
981,DISABLED,30,0,0,0,0,0,0.919
982,DISABLED,30,0,0,0,0,0,1.317
983,DISABLED,30,0,0,0,0,0,0.829
984,DISABLED,30,0,0,0,0,0,1.079
985,DISABLED,30,0,0,0,0,0,0.919
986,DISABLED,30,0,0,0,0,0,0.833
987,DISABLED,30,0,0,0,0,0,0.966
988,DISABLED,30,0,0,0,0,0,0.979
989,DISABLED,30,0,0,0,0,0,1.002
990,DISABLED,30,0,0,0,0,0,0.787
991,DISABLED,30,0,0,0,0,0,1.299
992,DISABLED,30,0,0,0,0,0,0.530
993,DISABLED,30,0,0,0,0,0,0.874
994,DISABLED,30,0,0,0,0,0,0.798
995,DISABLED,30,0,0,0,0,0,0.607
996,DISABLED,30,0,0,0,0,0,0.632
997,DISABLED,30,0,0,0,0,0,0.912
998,DISABLED,30,0,0,0,0,0,1.044
999,DISABLED,30,0,0,0,0,0,1.052
1000,DISABLED,30,0,0,0,0,0,1.022
1001,DISABLED,30,0,0,0,0,0,0.802
1002,DISABLED,30,0,0,0,0,0,0.739
1003,DISABLED,30,0,0,0,0,0,0.677
1004,DISABLED,30,0,0,0,0,0,0.903
1005,DISABLED,30,0,0,0,0,0,0.795
1006,DISABLED,30,0,0,0,0,0,0.888
1007,DISABLED,30,0,0,0,0,0,0.732
1008,DISABLED,30,0,0,0,0,0,0.810
1009,DISABLED,30,0,0,0,0,0,0.740
1010,DISABLED,30,0,0,0,0,0,0.918
1011,DISABLED,30,0,0,0,0,0,1.134
1012,DISABLED,30,0,0,0,0,0,0.977
1013,DISABLED,30,0,0,0,0,0,0.856
1014,DISABLED,30,0,0,0,0,0,0.817
1015,DISABLED,30,0,0,0,0,0,1.168
1016,DISABLED,30,0,0,0,0,0,0.863
1017,DISABLED,30,0,0,0,0,0,1.714
1018,DISABLED,30,0,0,0,0,0,0.743
1019,DISABLED,30,0,0,0,0,0,0.770
1020,DISABLED,30,0,0,0,0,0,0.771
1021,DISABLED,30,0,0,0,0,0,0.857
1022,DISABLED,30,0,0,0,0,0,0.514
1023,DISABLED,30,0,0,0,0,0,0.919
1024,DISABLED,30,0,0,0,0,0,0.779
1025,DISABLED,30,0,0,0,0,0,0.823
1026,DISABLED,30,0,0,0,0,0,0.662
1027,DISABLED,30,0,0,0,0,0,1.137
1028,DISABLED,30,0,0,0,0,0,1.028
1029,DISABLED,30,0,0,0,0,0,17.910
1030,DISABLED,30,0,0,0,0,0,1.394
1031,DISABLED,30,0,0,0,0,0,0.918
1032,DISABLED,30,0,0,0,0,0,0.731
1033,DISABLED,30,0,0,0,0,0,0.756
1034,DISABLED,30,0,0,0,0,0,0.974
1035,DISABLED,30,0,0,0,0,0,1.211
1036,DISABLED,30,0,0,0,0,0,0.896
1037,DISABLED,30,0,0,0,0,0,0.929
1038,DISABLED,30,0,0,0,0,0,0.694
1039,DISABLED,30,0,0,0,0,0,1.059
1040,DISABLED,30,0,0,0,0,0,0.996
1041,DISABLED,30,0,0,0,0,0,0.918
1042,DISABLED,30,0,0,0,0,0,1.380
1043,DISABLED,30,0,0,0,0,0,1.297
1044,DISABLED,30,0,0,0,0,0,0.857
1045,DISABLED,30,0,0,0,0,0,0.896
1046,DISABLED,30,0,0,0,0,0,0.865
1047,DISABLED,30,0,0,0,0,0,1.390
1048,DISABLED,30,0,0,0,0,0,0.748
1049,DISABLED,30,0,0,0,0,0,1.000
1050,DISABLED,30,0,0,0,0,0,1.048
1051,DISABLED,30,0,0,0,0,0,1.021
1052,DISABLED,30,0,0,0,0,0,0.522
1053,DISABLED,30,0,0,0,0,0,0.834
1054,DISABLED,30,0,0,0,0,0,0.825
1055,DISABLED,30,0,0,0,0,0,0.631
1056,DISABLED,30,0,0,0,0,0,0.646
1057,DISABLED,30,0,0,0,0,0,0.912
1058,DISABLED,30,0,0,0,0,0,0.818
1059,DISABLED,30,0,0,0,0,0,1.130
1060,DISABLED,30,0,0,0,0,0,1.479
1061,DISABLED,30,0,0,0,0,0,1.765
1062,DISABLED,30,0,0,0,0,0,1.542
1063,DISABLED,30,0,0,0,0,0,1.527
1064,DISABLED,30,0,0,0,0,0,2.228
1065,DISABLED,30,0,0,0,0,0,2.173
1066,DISABLED,30,0,0,0,0,0,1.993
1067,DISABLED,30,0,0,0,0,0,2.110
1068,DISABLED,30,0,0,0,0,0,2.275
1069,DISABLED,30,0,0,0,0,0,2.280
1070,DISABLED,30,0,0,0,0,0,2.935
1071,DISABLED,30,0,0,0,0,0,2.313
1072,DISABLED,30,0,0,0,0,0,2.232
1073,DISABLED,30,0,0,0,0,0,2.320
1074,DISABLED,30,0,0,0,0,0,2.351
1075,DISABLED,30,0,0,0,0,0,2.421
1076,DISABLED,30,0,0,0,0,0,2.340
1077,DISABLED,30,0,0,0,0,0,2.344
1078,DISABLED,30,0,0,0,0,0,2.134
1079,DISABLED,30,0,0,0,0,0,2.342
1080,DISABLED,30,0,0,0,0,0,2.359
1081,DISABLED,30,0,0,0,0,0,2.342
1082,DISABLED,30,0,0,0,0,0,1.920
1083,DISABLED,30,0,0,0,0,0,2.302
1084,DISABLED,30,0,0,0,0,0,2.181
1085,DISABLED,30,0,0,0,0,0,2.040
1086,DISABLED,30,0,0,0,0,0,1.753
1087,DISABLED,30,0,0,0,0,0,2.061
1088,DISABLED,30,0,0,0,0,0,1.899
1089,DISABLED,30,0,0,0,0,0,1.861
1090,DISABLED,30,0,0,0,0,0,1.959
1091,DISABLED,30,0,0,0,0,0,1.900
1092,DISABLED,30,0,0,0,0,0,1.757
1093,DISABLED,30,0,0,0,0,0,1.776
1094,DISABLED,30,0,0,0,0,0,2.049
1095,DISABLED,30,0,0,0,0,0,1.935
1096,DISABLED,30,0,0,0,0,0,1.951
1097,DISABLED,30,0,0,0,0,0,1.901
1098,DISABLED,30,0,0,0,0,0,1.834
1099,DISABLED,30,0,0,0,0,0,1.815
1100,DISABLED,30,0,0,0,0,0,1.970
1101,DISABLED,30,0,0,0,0,0,1.994
1102,DISABLED,30,0,0,0,0,0,1.970
1103,DISABLED,30,0,0,0,0,0,2.000
1104,DISABLED,30,0,0,0,0,0,1.940
1105,DISABLED,30,0,0,0,0,0,2.025
1106,DISABLED,30,0,0,0,0,0,1.947
1107,DISABLED,30,0,0,0,0,0,2.009
1108,DISABLED,30,0,0,0,0,0,1.893
1109,DISABLED,30,0,0,0,0,0,1.798
1110,DISABLED,30,0,0,0,0,0,1.867
1111,DISABLED,30,0,0,0,0,0,1.997
1112,DISABLED,30,0,0,0,0,0,1.597
1113,DISABLED,30,0,0,0,0,0,1.928
1114,DISABLED,30,0,0,0,0,0,1.884
1115,DISABLED,30,0,0,0,0,0,1.706
1116,DISABLED,30,0,0,0,0,0,1.736
1117,DISABLED,30,0,0,0,0,0,2.082
1118,DISABLED,30,0,0,0,0,0,2.220
1119,DISABLED,30,0,0,0,0,0,1.884
1120,DISABLED,30,0,0,0,0,0,1.946
1121,DISABLED,30,0,0,0,0,0,2.268
1122,DISABLED,30,0,0,0,0,0,1.882
1123,DISABLED,30,0,0,0,0,0,1.845
1124,DISABLED,30,0,0,0,0,0,1.982
1125,DISABLED,30,0,0,0,0,0,2.207
1126,DISABLED,30,0,0,0,0,0,1.915
1127,DISABLED,30,0,0,0,0,0,1.927
1128,DISABLED,30,0,0,0,0,0,1.723
1129,DISABLED,30,0,0,0,0,0,1.797
1130,DISABLED,30,0,0,0,0,0,1.970
1131,DISABLED,30,0,0,0,0,0,1.964
1132,DISABLED,30,0,0,0,0,0,2.118
1133,DISABLED,30,0,0,0,0,0,2.070
1134,DISABLED,30,0,0,0,0,0,1.946
1135,DISABLED,30,0,0,0,0,0,1.907
1136,DISABLED,30,0,0,0,0,0,2.235
1137,DISABLED,30,0,0,0,0,0,2.009
1138,DISABLED,30,0,0,0,0,0,1.791
1139,DISABLED,30,0,0,0,0,0,1.830
1140,DISABLED,30,0,0,0,0,0,2.320
1141,DISABLED,30,0,0,0,0,0,2.291
1142,DISABLED,30,0,0,0,0,0,1.600
1143,DISABLED,30,0,0,0,0,0,1.945
1144,DISABLED,30,0,0,0,0,0,1.838
1145,DISABLED,30,0,0,0,0,0,1.657
1146,DISABLED,30,0,0,0,0,0,1.744
1147,DISABLED,30,0,0,0,0,0,1.962
1148,DISABLED,30,0,0,0,0,0,1.885
1149,DISABLED,30,0,0,0,0,0,1.877
1150,DISABLED,30,0,0,0,0,0,1.962
1151,DISABLED,30,0,0,0,0,0,1.881
1152,DISABLED,30,0,0,0,0,0,1.841
1153,DISABLED,30,0,0,0,0,0,1.970
1154,DISABLED,30,0,0,0,0,0,1.938
1155,DISABLED,30,0,0,0,0,0,1.774
1156,DISABLED,30,0,0,0,0,0,1.961
1157,DISABLED,30,0,0,0,0,0,1.995
1158,DISABLED,30,0,0,0,0,0,2.067
1159,DISABLED,30,0,0,0,0,0,1.799
1160,DISABLED,30,0,0,0,0,0,1.969
1161,DISABLED,30,0,0,0,0,0,2.242
1162,DISABLED,30,0,0,0,0,0,1.930
1163,DISABLED,30,0,0,0,0,0,1.969
1164,DISABLED,30,0,0,0,0,0,1.969
1165,DISABLED,30,0,0,0,0,0,1.908
1166,DISABLED,30,0,0,0,0,0,2.235
1167,DISABLED,30,0,0,0,0,0,2.032
1168,DISABLED,30,0,0,0,0,0,1.799
1169,DISABLED,30,0,0,0,0,0,2.074
1170,DISABLED,30,0,0,0,0,0,1.822
1171,DISABLED,30,0,0,0,0,0,1.972
1172,DISABLED,30,0,0,0,0,0,1.585
1173,DISABLED,30,0,0,0,0,0,1.915
1174,DISABLED,30,0,0,0,0,0,1.873
1175,DISABLED,30,0,0,0,0,0,1.643
1176,DISABLED,30,0,0,0,0,0,1.732
1177,DISABLED,30,0,0,0,0,0,1.955
1178,DISABLED,30,0,0,0,0,0,1.879
1179,DISABLED,30,0,0,0,0,0,1.856
1180,DISABLED,30,0,0,0,0,0,2.002
1181,DISABLED,30,0,0,0,0,0,1.950
1182,DISABLED,30,0,0,0,0,0,1.767
1183,DISABLED,30,0,0,0,0,0,2.001
1184,DISABLED,30,0,0,0,0,0,2.009
1185,DISABLED,30,0,0,0,0,0,1.984
1186,DISABLED,30,0,0,0,0,0,2.102
1187,DISABLED,30,0,0,0,0,0,1.943
1188,DISABLED,30,0,0,0,0,0,2.064
1189,DISABLED,30,0,0,0,0,0,1.822
1190,DISABLED,30,0,0,0,0,0,2.011
1191,DISABLED,30,0,0,0,0,0,1.990
1192,DISABLED,30,0,0,0,0,0,1.953
1193,DISABLED,30,0,0,0,0,0,2.036
1194,DISABLED,30,0,0,0,0,0,2.150
1195,DISABLED,30,0,0,0,0,0,2.331
1196,DISABLED,30,0,0,0,0,0,2.188
1197,DISABLED,30,0,0,0,0,0,2.009
1198,DISABLED,30,0,0,0,0,0,1.797
1199,DISABLED,30,0,0,0,0,0,1.794
1200,DISABLED,30,0,0,0,0,0,2.106
1201,DISABLED,30,0,0,0,0,0,1.953
1202,DISABLED,30,0,0,0,0,0,1.635
1203,DISABLED,30,0,0,0,0,0,2.313
1204,DISABLED,30,0,0,0,0,0,2.078
1205,DISABLED,30,0,0,0,0,0,1.679
1206,DISABLED,30,0,0,0,0,0,1.954
1207,DISABLED,30,0,0,0,0,0,2.228
1208,DISABLED,30,0,0,0,0,0,1.862
1209,DISABLED,30,0,0,0,0,0,1.868
1210,DISABLED,30,0,0,0,0,0,1.970
1211,DISABLED,30,0,0,0,0,0,2.008
1212,DISABLED,30,0,0,0,0,0,1.798
1213,DISABLED,30,0,0,0,0,0,1.972
1214,DISABLED,30,0,0,0,0,0,2.011
1215,DISABLED,30,0,0,0,0,0,1.909
1216,DISABLED,30,0,0,0,0,0,1.961
1217,DISABLED,30,0,0,0,0,0,1.963
1218,DISABLED,30,0,0,0,0,0,1.760
1219,DISABLED,30,0,0,0,0,0,1.756
1220,DISABLED,30,0,0,0,0,0,1.999
1221,DISABLED,30,0,0,0,0,0,2.317
1222,DISABLED,30,0,0,0,0,0,2.003
1223,DISABLED,30,0,0,0,0,0,2.406
1224,DISABLED,30,0,0,0,0,0,1.920
1225,DISABLED,30,0,0,0,0,0,2.250
1226,DISABLED,30,0,0,0,0,0,2.137
1227,DISABLED,30,0,0,0,0,0,2.480
1228,DISABLED,30,0,0,0,0,0,1.879
1229,DISABLED,30,0,0,0,0,0,2.100
1230,DISABLED,30,0,0,0,0,0,1.877
1231,DISABLED,30,0,0,0,0,0,1.975
1232,DISABLED,30,0,0,0,0,0,1.607
1233,DISABLED,30,0,0,0,0,0,1.942
1234,DISABLED,30,0,0,0,0,0,1.884
1235,DISABLED,30,0,0,0,0,0,1.663
1236,DISABLED,30,0,0,0,0,0,2.180
1237,DISABLED,30,0,0,0,0,0,2.218
1238,DISABLED,30,0,0,0,0,0,2.110
1239,DISABLED,30,0,0,1,1,0,2.311
1240,DISABLED,30,0,0,0,0,0,4.447
1241,DISABLED,30,0,0,0,0,0,1.984
1242,DISABLED,30,0,0,0,0,0,2.262
1243,DISABLED,30,0,0,0,0,0,1.773
1244,DISABLED,30,0,0,0,0,0,2.453
1245,DISABLED,30,0,0,0,0,0,2.738
1246,DISABLED,30,0,0,0,0,0,1.914
1247,DISABLED,30,0,0,0,0,0,1.922
1248,DISABLED,30,0,0,0,0,0,2.256
1249,DISABLED,30,0,0,0,0,0,2.031
1250,DISABLED,30,0,0,0,0,0,2.812
1251,DISABLED,30,0,0,0,0,0,2.382
1252,DISABLED,30,0,0,0,0,0,2.352
1253,DISABLED,30,0,0,0,0,0,2.078
1254,DISABLED,30,0,0,0,0,0,1.991
1255,DISABLED,30,0,0,0,0,0,2.039
1256,DISABLED,30,0,0,0,0,0,2.376
1257,DISABLED,30,0,0,0,0,0,2.445
1258,DISABLED,30,0,0,0,0,0,1.758
1259,DISABLED,30,0,0,0,0,0,2.070
1260,DISABLED,30,0,0,0,0,0,1.891
1261,DISABLED,30,0,0,0,0,0,1.969
1262,DISABLED,30,0,0,0,0,0,1.547
1263,DISABLED,30,0,0,0,0,0,2.203
1264,DISABLED,30,0,0,0,0,0,1.828
1265,DISABLED,30,0,0,0,0,0,1.735
1266,DISABLED,30,0,0,0,0,0,2.043
1267,DISABLED,30,0,0,0,0,0,2.235
1268,DISABLED,30,0,0,0,0,0,1.914
1269,DISABLED,30,0,0,0,0,0,2.102
1270,DISABLED,30,0,0,0,0,0,2.414
1271,DISABLED,30,0,0,0,0,0,2.391
1272,DISABLED,30,0,0,0,0,0,1.774
1273,DISABLED,30,0,0,0,0,0,1.742
1274,DISABLED,30,0,0,0,0,0,2.219
1275,DISABLED,30,0,0,0,0,0,1.969
1276,DISABLED,30,0,0,0,0,0,2.164
1277,DISABLED,30,0,0,0,0,0,2.109
1278,DISABLED,30,0,0,0,0,0,2.031
1279,DISABLED,30,0,0,0,0,0,1.782
1280,DISABLED,30,0,0,0,0,0,2.008
1281,DISABLED,30,0,0,0,0,0,2.047
1282,DISABLED,30,0,0,0,0,0,1.945
1283,DISABLED,30,0,0,0,0,0,2.484
1284,DISABLED,30,0,0,0,0,0,2.121
1285,DISABLED,30,0,0,0,0,0,2.023
1286,DISABLED,30,0,0,0,0,0,2.438
1287,DISABLED,30,0,0,0,0,0,1.978
1288,DISABLED,30,0,0,0,0,0,2.368
1289,DISABLED,30,0,0,0,0,0,1.818
1290,DISABLED,30,0,0,0,0,0,2.094
1291,DISABLED,30,0,0,0,0,0,2.036
1292,DISABLED,30,0,0,0,0,0,1.805
1293,DISABLED,30,0,0,0,0,0,2.006
1294,DISABLED,30,0,0,0,0,0,1.836
1295,DISABLED,30,0,0,0,0,0,2.036
1296,DISABLED,30,0,0,0,0,0,1.796
1297,DISABLED,30,0,0,0,0,0,2.196
1298,DISABLED,30,0,0,0,0,0,1.848
1299,DISABLED,30,0,0,0,0,0,1.840
1300,DISABLED,30,0,0,0,0,0,2.211
1301,DISABLED,30,0,0,0,0,0,1.937
1302,DISABLED,30,0,0,0,0,0,1.716
1303,DISABLED,30,0,0,0,0,0,1.843
1304,DISABLED,30,0,0,0,0,0,1.992
1305,DISABLED,30,0,0,0,0,0,2.495
1306,DISABLED,30,0,0,0,0,0,2.266
1307,DISABLED,30,0,0,0,0,0,1.995
1308,DISABLED,30,0,0,0,0,0,2.105
1309,DISABLED,30,0,0,0,0,0,1.822
1310,DISABLED,30,0,0,0,0,0,2.015
1311,DISABLED,30,0,0,0,0,0,2.547
1312,DISABLED,30,0,0,0,0,0,1.946
1313,DISABLED,30,0,0,0,0,0,1.977
1314,DISABLED,30,0,0,0,0,0,1.922
1315,DISABLED,30,0,0,0,0,0,2.438
1316,DISABLED,30,0,0,0,0,0,2.219
1317,DISABLED,30,0,0,0,0,0,2.918
1318,DISABLED,30,0,0,0,0,0,1.797
1319,DISABLED,30,0,0,0,0,0,1.797
1320,DISABLED,30,0,0,0,0,0,1.965
1321,DISABLED,30,0,0,0,0,0,1.984
1322,DISABLED,30,0,0,0,0,0,1.570
1323,DISABLED,30,0,0,0,0,0,2.266
1324,DISABLED,30,0,0,0,0,0,2.073
1325,DISABLED,30,0,0,0,0,0,1.666
1326,DISABLED,30,0,0,0,0,0,1.765
1327,DISABLED,30,0,0,0,0,0,1.946
1328,DISABLED,30,0,0,0,0,0,1.852
1329,DISABLED,30,0,0,0,0,0,19.001
1330,DISABLED,30,0,0,0,0,0,1.977
1331,DISABLED,30,0,0,0,0,0,1.930
1332,DISABLED,30,0,0,0,0,0,2.187
1333,DISABLED,30,0,0,0,0,0,1.782
1334,DISABLED,30,0,0,0,0,0,1.992
1335,DISABLED,30,0,0,0,0,0,1.985
1336,DISABLED,30,0,0,0,0,0,1.883
1337,DISABLED,30,0,0,0,0,0,1.773
1338,DISABLED,30,0,0,0,0,0,1.930
1339,DISABLED,30,0,0,0,0,0,1.854
1340,DISABLED,30,0,0,0,0,0,2.423
1341,DISABLED,30,0,0,0,0,0,2.040
1342,DISABLED,30,0,0,0,0,0,1.946
1343,DISABLED,30,0,0,0,0,0,2.423
1344,DISABLED,30,0,0,0,0,0,1.959
1345,DISABLED,30,0,0,0,0,0,2.016
1346,DISABLED,30,0,0,0,0,0,1.957
1347,DISABLED,30,0,0,0,0,0,2.024
1348,DISABLED,30,0,0,0,0,0,1.844
1349,DISABLED,30,0,0,0,0,0,1.891
1350,DISABLED,30,0,0,0,0,0,1.875
1351,DISABLED,30,0,0,0,0,0,1.969
1352,DISABLED,30,0,0,0,0,0,1.570
1353,DISABLED,30,0,0,0,0,0,1.967
1354,DISABLED,30,0,0,0,0,0,1.852
1355,DISABLED,30,0,0,0,0,0,1.664
1356,DISABLED,30,0,0,0,0,0,2.251
1357,DISABLED,30,0,0,0,0,0,1.956
1358,DISABLED,30,0,0,0,0,0,1.843
1359,DISABLED,30,0,0,0,0,0,1.860
1360,DISABLED,30,0,0,0,0,0,1.932
1361,DISABLED,30,0,0,0,0,0,1.922
1362,DISABLED,30,0,0,0,0,0,1.806
1363,DISABLED,30,0,0,0,0,0,1.750
1364,DISABLED,30,0,0,0,0,0,1.930
1365,DISABLED,30,0,0,0,0,0,2.086
1366,DISABLED,30,0,0,0,0,0,2.007
1367,DISABLED,30,0,0,0,0,0,1.813
1368,DISABLED,30,0,0,0,0,0,1.993
1369,DISABLED,30,0,0,0,0,0,1.797
1370,DISABLED,30,0,0,0,0,0,1.993
1371,DISABLED,30,0,0,0,0,0,2.001
1372,DISABLED,30,0,0,0,0,0,1.988
1373,DISABLED,30,0,0,0,0,0,1.965
1374,DISABLED,30,0,0,0,0,0,1.930
1375,DISABLED,30,0,0,0,0,0,2.004
1376,DISABLED,30,0,0,0,0,0,1.969
1377,DISABLED,30,0,0,0,0,0,2.047
1378,DISABLED,30,0,0,0,0,0,2.173
1379,DISABLED,30,0,0,0,0,0,1.813
1380,DISABLED,30,0,0,0,0,0,1.868
1381,DISABLED,30,0,0,0,0,0,2.000
1382,DISABLED,30,0,0,0,0,0,1.533
1383,DISABLED,30,0,0,0,0,0,1.941
1384,DISABLED,30,0,0,0,0,0,1.922
1385,DISABLED,30,0,0,0,0,0,1.735
1386,DISABLED,30,0,0,0,0,0,1.758
1387,DISABLED,30,0,0,0,0,0,2.011
1388,DISABLED,30,0,0,0,0,0,1.852
1389,DISABLED,30,0,0,0,0,0,1.874
1390,DISABLED,30,0,0,0,0,0,1.969
1391,DISABLED,30,0,0,0,0,0,1.993
1392,DISABLED,30,0,0,0,0,0,1.777
1393,DISABLED,30,0,0,0,0,0,1.766
1394,DISABLED,30,0,0,0,0,0,1.988
1395,DISABLED,30,0,0,0,0,0,1.873
1396,DISABLED,30,0,0,0,0,0,1.836
1397,DISABLED,30,0,0,0,0,0,1.930
1398,DISABLED,30,0,0,0,0,0,1.985
1399,DISABLED,30,0,0,0,0,0,1.813
1400,DISABLED,30,0,0,0,0,0,1.981
1401,DISABLED,30,0,0,0,0,0,2.008
1402,DISABLED,30,0,0,0,0,0,2.016
1403,DISABLED,30,0,0,0,0,0,2.060
1404,DISABLED,30,0,0,0,0,0,1.996
1405,DISABLED,30,0,0,0,0,0,1.958
1406,DISABLED,30,0,0,0,0,0,1.977
1407,DISABLED,30,0,0,0,0,0,1.961
1408,DISABLED,30,0,0,0,0,0,1.817
1409,DISABLED,30,0,0,0,0,0,1.828
1410,DISABLED,30,0,0,0,0,0,2.070
1411,DISABLED,30,0,0,0,0,0,2.000
1412,DISABLED,30,0,0,0,0,0,1.606
1413,DISABLED,30,0,0,0,0,0,1.985
1414,DISABLED,30,0,0,0,0,0,1.868
1415,DISABLED,30,0,0,0,0,0,1.672
1416,DISABLED,30,0,0,0,0,0,1.782
1417,DISABLED,30,0,0,0,0,0,1.918
1418,DISABLED,30,0,0,0,0,0,1.878
1419,DISABLED,30,0,0,0,0,0,1.883
1420,DISABLED,30,0,0,0,0,0,1.961
1421,DISABLED,30,0,0,0,0,0,1.907
1422,DISABLED,30,0,0,0,0,0,1.984
1423,DISABLED,30,0,0,0,0,0,1.735
1424,DISABLED,30,0,0,0,0,0,1.946
1425,DISABLED,30,0,0,0,0,0,2.032
1426,DISABLED,30,0,0,0,0,0,1.954
1427,DISABLED,30,0,0,0,0,0,1.887
1428,DISABLED,30,0,0,0,0,0,1.687
1429,DISABLED,30,0,0,0,0,0,2.044
1430,DISABLED,30,0,0,0,0,0,2.057
1431,DISABLED,30,0,0,0,0,0,2.086
1432,DISABLED,30,0,0,0,0,0,1.969
1433,DISABLED,30,0,0,0,0,0,2.016
1434,DISABLED,30,0,0,0,0,0,1.930
1435,DISABLED,30,0,0,0,0,0,2.039
1436,DISABLED,30,0,0,0,0,0,2.206
1437,DISABLED,30,0,0,0,0,0,2.010
1438,DISABLED,30,0,0,0,0,0,1.774
1439,DISABLED,30,0,0,0,0,0,1.860
1440,DISABLED,30,0,0,0,0,0,1.789
1441,DISABLED,30,0,0,0,0,0,1.979
1442,DISABLED,30,0,0,0,0,0,1.578
1443,DISABLED,30,0,0,0,0,0,1.980
1444,DISABLED,30,0,0,0,0,0,2.094
1445,DISABLED,30,0,0,0,0,0,1.666
1446,DISABLED,30,0,0,0,0,0,1.735
1447,DISABLED,30,0,0,0,0,0,1.938
1448,DISABLED,30,0,0,0,0,0,1.861
1449,DISABLED,30,0,0,0,0,0,2.094
1450,DISABLED,30,0,0,0,0,0,1.957
1451,DISABLED,30,0,0,0,0,0,2.172
1452,DISABLED,30,0,0,0,0,0,1.775
1453,DISABLED,30,0,0,0,0,0,2.461
1454,DISABLED,30,0,0,0,0,0,1.980
1455,DISABLED,30,0,0,0,0,0,1.911
1456,DISABLED,30,0,0,0,0,0,1.805
1457,DISABLED,30,0,0,0,0,0,1.964
1458,DISABLED,30,0,0,0,0,0,1.863
1459,DISABLED,30,0,0,0,0,0,1.839
1460,DISABLED,30,0,0,0,0,0,1.993
1461,DISABLED,30,0,0,0,0,0,2.040
1462,DISABLED,30,0,0,0,0,0,2.258
1463,DISABLED,30,0,0,0,0,0,1.946
1464,DISABLED,30,0,0,0,0,0,1.911
1465,DISABLED,30,0,0,0,0,0,1.900
1466,DISABLED,30,0,0,0,0,0,2.047
1467,DISABLED,30,0,0,0,0,0,2.052
1468,DISABLED,30,0,0,0,0,0,1.813
1469,DISABLED,30,0,0,0,0,0,1.885
1470,DISABLED,30,0,0,0,0,0,1.828
1471,DISABLED,30,0,0,0,0,0,2.039
1472,DISABLED,30,0,0,0,0,0,1.565
1473,DISABLED,30,0,0,0,0,0,1.907
1474,DISABLED,30,0,0,0,0,0,1.860
1475,DISABLED,30,0,0,0,0,0,1.680
1476,DISABLED,30,0,0,0,0,0,1.758
1477,DISABLED,30,0,0,0,0,0,1.946
1478,DISABLED,30,0,0,0,0,0,1.875
1479,DISABLED,30,0,0,0,0,0,2.117
1480,DISABLED,30,0,0,0,0,0,2.157
1481,DISABLED,30,0,0,0,0,0,1.998
1482,DISABLED,30,0,0,0,0,0,2.095
1483,DISABLED,30,0,0,0,0,0,1.782
1484,DISABLED,30,0,0,0,0,0,1.977
1485,DISABLED,30,0,0,0,0,0,1.925
1486,DISABLED,30,0,0,0,0,0,1.906
1487,DISABLED,30,0,0,0,0,0,1.899
1488,DISABLED,30,0,0,0,0,0,1.784
1489,DISABLED,30,0,0,0,0,0,2.027
1490,DISABLED,30,0,0,0,0,0,2.266
1491,DISABLED,30,0,0,0,0,0,2.274
1492,DISABLED,30,0,0,0,0,0,2.230
1493,DISABLED,30,0,0,0,0,0,2.161
1494,DISABLED,30,0,0,0,0,0,1.938
1495,DISABLED,30,0,0,0,0,0,2.196
1496,DISABLED,30,0,0,0,0,0,1.930
1497,DISABLED,30,0,0,0,0,0,2.024
1498,DISABLED,30,0,0,0,0,0,1.992
1499,DISABLED,30,0,0,0,0,0,1.836
1500,DISABLED,30,0,0,0,0,0,1.836
1501,DISABLED,30,0,0,0,0,0,1.950
1502,DISABLED,30,0,0,0,0,0,1.580
1503,DISABLED,30,0,0,0,0,0,1.976
1504,DISABLED,30,0,0,0,0,0,1.828
1505,DISABLED,30,0,0,0,0,0,1.664
1506,DISABLED,30,0,0,0,0,0,1.974
1507,DISABLED,30,0,0,0,0,0,2.422
1508,DISABLED,30,0,0,0,0,0,2.215
1509,DISABLED,30,0,0,0,0,0,2.337
1510,DISABLED,30,0,0,0,0,0,2.227
1511,DISABLED,30,0,0,0,0,0,1.920
1512,DISABLED,30,0,0,0,0,0,1.758
1513,DISABLED,30,0,0,0,0,0,2.261
1514,DISABLED,30,0,0,0,0,0,1.965
1515,DISABLED,30,0,0,0,0,0,2.180
1516,DISABLED,30,0,0,0,0,0,1.860
1517,DISABLED,30,0,0,0,0,0,1.891
1518,DISABLED,30,0,0,0,0,0,2.128
1519,DISABLED,30,0,0,0,0,0,1.788
1520,DISABLED,30,0,0,0,0,0,1.969
1521,DISABLED,30,0,0,0,0,0,2.185
1522,DISABLED,30,0,0,0,0,0,2.231
1523,DISABLED,30,0,0,0,0,0,2.055
1524,DISABLED,30,0,0,0,0,0,1.977
1525,DISABLED,30,0,0,0,0,0,2.008
1526,DISABLED,30,0,0,0,0,0,2.455
1527,DISABLED,30,0,0,0,0,0,2.230
1528,DISABLED,30,0,0,0,0,0,2.055
1529,DISABLED,30,0,0,0,0,0,2.028
1530,DISABLED,30,0,0,0,0,0,1.818
1531,DISABLED,30,0,0,0,0,0,2.393
1532,DISABLED,30,0,0,0,0,0,1.594
1533,DISABLED,30,0,0,0,0,0,2.004
1534,DISABLED,30,0,0,0,0,0,2.039
1535,DISABLED,30,0,0,0,0,0,1.707
1536,DISABLED,30,0,0,0,0,0,1.784
1537,DISABLED,30,0,0,0,0,0,1.977
1538,DISABLED,30,0,0,0,0,0,1.845
1539,DISABLED,30,0,0,0,0,0,2.586
1540,DISABLED,30,0,0,0,0,0,1.969
1541,DISABLED,30,0,0,0,0,0,1.961
1542,DISABLED,30,0,0,0,0,0,1.775
1543,DISABLED,30,0,0,0,0,0,2.307
1544,DISABLED,30,0,0,0,0,0,2.337
1545,DISABLED,30,0,0,0,0,0,1.891
1546,DISABLED,30,0,0,0,0,0,1.805
1547,DISABLED,30,0,0,0,0,0,2.469
1548,DISABLED,30,0,0,0,0,0,1.907
1549,DISABLED,30,0,0,0,0,0,1.824
1550,DISABLED,30,0,0,0,0,0,2.043
1551,DISABLED,30,0,0,0,0,0,2.008
1552,DISABLED,30,0,0,0,0,0,2.125
1553,DISABLED,30,0,0,0,0,0,2.485
1554,DISABLED,30,0,0,0,0,0,1.926
1555,DISABLED,30,0,0,0,0,0,1.985
1556,DISABLED,30,0,0,0,0,0,2.180
1557,DISABLED,30,0,0,0,0,0,2.000
1558,DISABLED,30,0,0,0,0,0,1.859
1559,DISABLED,30,0,0,0,0,0,2.383
1560,DISABLED,30,0,0,0,0,0,1.864
1561,DISABLED,30,0,0,0,0,0,2.180
1562,DISABLED,30,0,0,0,0,0,1.570
1563,DISABLED,30,0,0,0,0,0,2.191
1564,DISABLED,30,0,0,0,0,0,1.845
1565,DISABLED,30,0,0,0,0,0,1.893
1566,DISABLED,30,0,0,0,0,0,2.300
1567,DISABLED,30,0,0,0,0,0,2.217
1568,DISABLED,30,0,0,0,0,0,1.906
1569,DISABLED,30,0,0,0,0,0,2.384
1570,DISABLED,30,0,0,0,0,0,2.421
1571,DISABLED,30,0,0,0,0,0,2.191
1572,DISABLED,30,0,0,0,0,0,1.725
1573,DISABLED,30,0,0,0,0,0,1.992
1574,DISABLED,30,0,0,0,0,0,1.928
1575,DISABLED,30,0,0,0,0,0,1.978
1576,DISABLED,30,0,0,0,0,0,2.430
1577,DISABLED,30,0,0,0,0,0,2.329
1578,DISABLED,30,0,0,0,0,0,1.804
1579,DISABLED,30,0,0,0,0,0,1.762
1580,DISABLED,30,0,0,0,0,0,2.006
1581,DISABLED,30,0,0,0,0,0,2.021
1582,DISABLED,30,0,0,0,0,0,2.043
1583,DISABLED,30,0,0,0,0,0,2.149
1584,DISABLED,30,0,0,0,0,0,1.874
1585,DISABLED,30,0,0,0,0,0,2.483
1586,DISABLED,30,0,0,0,0,0,1.986
1587,DISABLED,30,0,0,0,0,0,2.085
1588,DISABLED,30,0,0,0,0,0,1.858
1589,DISABLED,30,0,0,0,0,0,1.866
1590,DISABLED,30,0,0,0,0,0,1.850
1591,DISABLED,30,0,0,0,0,0,2.239
1592,DISABLED,30,0,0,0,0,0,1.521
1593,DISABLED,30,0,0,0,0,0,2.043
1594,DISABLED,30,0,0,0,0,0,1.857
1595,DISABLED,30,0,0,0,0,0,1.664
1596,DISABLED,30,0,0,0,0,0,1.764
1597,DISABLED,30,0,0,0,0,0,2.155
1598,DISABLED,30,0,0,0,0,0,1.834
1599,DISABLED,30,0,0,0,0,0,1.887
1600,DISABLED,30,0,0,0,0,0,1.926
1601,DISABLED,30,0,0,0,0,0,1.929
1602,DISABLED,30,0,0,0,0,0,2.013
1603,DISABLED,30,0,0,0,0,0,1.998
1604,DISABLED,30,0,0,0,0,0,1.935
1605,DISABLED,30,0,0,0,0,0,1.896
1606,DISABLED,30,0,0,0,0,0,1.913
1607,DISABLED,30,0,0,0,0,0,2.164
1608,DISABLED,30,0,0,0,0,0,2.012
1609,DISABLED,30,0,0,0,0,0,1.794
1610,DISABLED,30,0,0,0,0,0,1.998
1611,DISABLED,30,0,0,0,0,0,2.053
1612,DISABLED,30,0,0,0,0,0,2.040
1613,DISABLED,30,0,0,0,0,0,1.922
1614,DISABLED,30,0,0,0,0,0,1.965
1615,DISABLED,30,0,0,0,0,0,1.975
1616,DISABLED,30,0,0,0,0,0,1.968
1617,DISABLED,30,0,0,0,0,0,2.251
1618,DISABLED,30,0,0,0,0,0,1.857
1619,DISABLED,30,0,0,0,0,0,1.834
1620,DISABLED,30,0,0,0,0,0,1.874
1621,DISABLED,30,0,0,0,0,0,1.950
1622,DISABLED,30,0,0,0,0,0,1.555
1623,DISABLED,30,0,0,0,0,0,1.921
1624,DISABLED,30,0,0,0,0,0,2.162
1625,DISABLED,30,0,0,0,0,0,1.695
1626,DISABLED,30,0,0,0,0,0,1.794
1627,DISABLED,30,0,0,0,0,0,1.968
1628,DISABLED,30,0,0,0,0,0,2.092
1629,DISABLED,30,0,0,0,0,0,18.852
1630,DISABLED,30,0,0,0,0,0,2.373
1631,DISABLED,30,0,0,0,0,0,2.006
1632,DISABLED,30,0,0,0,0,0,1.769
1633,DISABLED,30,0,0,0,0,0,2.215
1634,DISABLED,30,0,0,0,0,0,1.986
1635,DISABLED,30,0,0,0,0,0,2.147
1636,DISABLED,30,0,0,0,0,0,2.329
1637,DISABLED,30,0,0,0,0,0,2.202
1638,DISABLED,30,0,0,0,0,0,1.817
1639,DISABLED,30,0,0,0,0,0,1.795
1640,DISABLED,30,0,0,0,0,0,1.944
1641,DISABLED,30,0,0,0,0,0,2.008
1642,DISABLED,30,0,0,0,0,0,2.024
1643,DISABLED,30,0,0,0,0,0,2.376
1644,DISABLED,30,0,0,0,0,0,1.991
1645,DISABLED,30,0,0,0,0,0,1.991
1646,DISABLED,30,0,0,0,0,0,2.016
1647,DISABLED,30,0,0,0,0,0,2.016
1648,DISABLED,30,0,0,0,0,0,2.345
1649,DISABLED,30,0,0,0,0,0,1.828
1650,DISABLED,30,0,0,0,0,0,2.250
1651,DISABLED,30,0,0,0,0,0,2.085
1652,DISABLED,30,0,0,0,0,0,1.573
1653,DISABLED,30,0,0,0,0,0,2.002
1654,DISABLED,30,0,0,0,0,0,1.850
1655,DISABLED,30,0,0,0,0,0,2.146
1656,DISABLED,30,0,0,0,0,0,1.811
1657,DISABLED,30,0,0,0,0,0,1.983
1658,DISABLED,30,0,0,0,0,0,1.851
1659,DISABLED,30,0,0,0,0,0,1.927
1660,DISABLED,30,0,0,0,0,0,1.992
1661,DISABLED,30,0,0,0,0,0,1.873
1662,DISABLED,30,0,0,0,0,0,1.750
1663,DISABLED,30,0,0,0,0,0,1.860
1664,DISABLED,30,0,0,0,0,0,2.453
1665,DISABLED,30,0,0,0,0,0,1.999
1666,DISABLED,30,0,0,0,0,0,1.914
1667,DISABLED,30,0,0,0,0,0,1.905
1668,DISABLED,30,0,0,0,0,0,1.787
1669,DISABLED,30,0,0,0,0,0,1.819
1670,DISABLED,30,0,0,0,0,0,1.969
1671,DISABLED,30,0,0,0,0,0,1.980
1672,DISABLED,30,0,0,0,0,0,1.993
1673,DISABLED,30,0,0,0,0,0,1.920
1674,DISABLED,30,0,0,0,0,0,1.905
1675,DISABLED,30,0,0,0,0,0,1.976
1676,DISABLED,30,0,0,0,0,0,1.990
1677,DISABLED,30,0,0,0,0,0,1.994
1678,DISABLED,30,0,0,0,0,0,1.803
1679,DISABLED,30,0,0,0,0,0,1.804
1680,DISABLED,30,0,0,0,0,0,1.851
1681,DISABLED,30,0,0,0,0,0,2.317
1682,DISABLED,30,0,0,0,0,0,1.888
1683,DISABLED,30,0,0,0,0,0,1.946
1684,DISABLED,30,0,0,0,0,0,2.016
1685,DISABLED,30,0,0,0,0,0,2.015
1686,DISABLED,30,0,0,0,0,0,1.793
1687,DISABLED,30,0,0,0,0,0,1.983
1688,DISABLED,30,0,0,0,0,0,1.913
1689,DISABLED,30,0,0,0,0,0,1.893
1690,DISABLED,30,0,0,0,0,0,2.003
1691,DISABLED,30,0,0,0,0,0,1.929
1692,DISABLED,30,0,0,0,0,0,1.780
1693,DISABLED,30,0,0,0,0,0,1.750
1694,DISABLED,30,0,0,0,0,0,1.968
1695,DISABLED,30,0,0,0,0,0,1.915
1696,DISABLED,30,0,0,0,0,0,1.991
1697,DISABLED,30,0,0,0,0,0,2.217
1698,DISABLED,30,0,0,0,0,0,1.820
1699,DISABLED,30,0,0,0,0,0,1.762
1700,DISABLED,30,0,0,0,0,0,2.234
1701,DISABLED,30,0,0,0,0,0,1.993
1702,DISABLED,30,0,0,0,0,0,1.920
1703,DISABLED,30,0,0,0,0,0,2.045
1704,DISABLED,30,0,0,0,0,0,2.003
1705,DISABLED,30,0,0,0,0,0,1.984
1706,DISABLED,30,0,0,0,0,0,2.167
1707,DISABLED,30,0,0,0,0,0,2.000
1708,DISABLED,30,0,0,0,0,0,2.028
1709,DISABLED,30,0,0,0,0,0,1.885
1710,DISABLED,30,0,0,0,0,0,1.804
1711,DISABLED,30,0,0,0,0,0,1.976
1712,DISABLED,30,0,0,0,0,0,1.531
1713,DISABLED,30,0,0,0,0,0,2.189
1714,DISABLED,30,0,0,0,0,0,2.163
1715,DISABLED,30,0,0,0,0,0,1.848
1716,DISABLED,30,0,0,0,0,0,1.774
1717,DISABLED,30,0,0,0,0,0,1.914
1718,DISABLED,30,0,0,0,0,0,1.890
1719,DISABLED,30,0,0,0,0,0,1.899
1720,DISABLED,30,0,0,0,0,0,1.922
1721,DISABLED,30,0,0,0,0,0,1.912
1722,DISABLED,30,0,0,0,0,0,1.745
1723,DISABLED,30,0,0,0,0,0,1.769
1724,DISABLED,30,0,0,0,0,0,2.225
1725,DISABLED,30,0,0,0,0,0,1.970
1726,DISABLED,30,0,0,0,0,0,2.022
1727,DISABLED,30,0,0,0,0,0,1.952
1728,DISABLED,30,0,0,0,0,0,1.688
1729,DISABLED,30,0,0,0,0,0,2.023
1730,DISABLED,30,0,0,0,0,0,2.210
1731,DISABLED,30,0,0,0,0,0,2.305
1732,DISABLED,30,0,0,0,0,0,1.993
1733,DISABLED,30,0,0,0,0,0,1.899
1734,DISABLED,30,0,0,0,0,0,1.924
1735,DISABLED,30,0,0,0,0,0,1.966
1736,DISABLED,30,0,0,0,0,0,1.984
1737,DISABLED,30,0,0,0,0,0,2.045
1738,DISABLED,30,0,0,0,0,0,2.031
1739,DISABLED,30,0,0,0,0,0,1.852
1740,DISABLED,30,0,0,0,0,0,1.824
1741,DISABLED,30,0,0,0,0,0,1.969
1742,DISABLED,30,0,0,0,0,0,1.609
1743,DISABLED,30,0,0,0,0,0,2.016
1744,DISABLED,30,0,0,0,0,0,1.887
1745,DISABLED,30,0,0,0,0,0,1.718
1746,DISABLED,30,0,0,0,0,0,1.782
1747,DISABLED,30,0,0,0,0,0,1.921
1748,DISABLED,30,0,0,0,0,0,1.936
1749,DISABLED,30,0,0,0,0,0,1.898
1750,DISABLED,30,0,0,0,0,0,1.938
1751,DISABLED,30,0,0,0,0,0,2.167
1752,DISABLED,30,0,0,0,0,0,1.718
1753,DISABLED,30,0,0,0,0,0,1.755
1754,DISABLED,30,0,0,0,0,0,1.873
1755,DISABLED,30,0,0,0,0,0,1.921
1756,DISABLED,30,0,0,0,0,0,2.008
1757,DISABLED,30,0,0,0,0,0,1.919
1758,DISABLED,30,0,0,0,0,0,1.793
1759,DISABLED,30,0,0,0,0,0,2.069
1760,DISABLED,30,0,0,0,0,0,2.010
1761,DISABLED,30,0,0,0,0,0,2.019
1762,DISABLED,30,0,0,0,0,0,1.906
1763,DISABLED,30,0,0,0,0,0,2.047
1764,DISABLED,30,0,0,0,0,0,2.164
1765,DISABLED,30,0,0,0,0,0,1.913
1766,DISABLED,30,0,0,0,0,0,2.286
1767,DISABLED,30,0,0,0,0,0,2.496
1768,DISABLED,30,0,0,0,0,0,2.124
1769,DISABLED,30,0,0,0,0,0,1.881
1770,DISABLED,30,0,0,0,0,0,1.836
1771,DISABLED,30,0,0,0,0,0,2.580
1772,DISABLED,30,0,0,0,0,0,1.577
1773,DISABLED,30,0,0,0,0,0,1.924
1774,DISABLED,30,0,0,0,0,0,1.852
1775,DISABLED,30,0,0,0,0,0,1.926
1776,DISABLED,30,0,0,0,0,0,1.763
1777,DISABLED,30,0,0,0,0,0,2.015
1778,DISABLED,30,0,0,0,0,0,1.891
1779,DISABLED,30,0,0,0,0,0,1.867
1780,DISABLED,30,0,0,0,0,0,1.960
1781,DISABLED,30,0,0,0,0,0,1.916
1782,DISABLED,30,0,0,0,0,0,1.710
1783,DISABLED,30,0,0,0,0,0,1.867
1784,DISABLED,30,0,0,0,0,0,2.227
1785,DISABLED,30,0,0,0,0,0,2.161
1786,DISABLED,30,0,0,0,0,0,1.921
1787,DISABLED,30,0,0,0,0,0,2.266
1788,DISABLED,30,0,0,0,0,0,1.733
1789,DISABLED,30,0,0,0,0,0,1.797
1790,DISABLED,30,0,0,0,0,0,2.447
1791,DISABLED,30,0,0,0,0,0,2.265
1792,DISABLED,30,0,0,0,0,0,2.094
1793,DISABLED,30,0,0,0,0,0,1.945
1794,DISABLED,30,0,0,0,0,0,1.928
1795,DISABLED,30,0,0,0,0,0,1.929
1796,DISABLED,30,0,0,0,0,0,2.029
1797,DISABLED,30,0,0,0,0,0,2.023
1798,DISABLED,30,0,0,0,0,0,1.789
1799,DISABLED,30,0,0,0,0,0,1.844
1800,DISABLED,30,0,0,0,0,0,1.856
1801,DISABLED,30,0,0,0,0,0,2.258
1802,DISABLED,30,0,0,0,0,0,1.554
1803,DISABLED,30,0,0,0,0,0,1.988
1804,DISABLED,30,0,0,0,0,0,1.851
1805,DISABLED,30,0,0,0,0,0,1.687
1806,DISABLED,30,0,0,0,0,0,1.794
1807,DISABLED,30,0,0,0,0,0,1.910
1808,DISABLED,30,0,0,0,0,0,1.886
1809,DISABLED,30,0,0,0,0,0,1.877
1810,DISABLED,30,0,0,0,0,0,1.921
1811,DISABLED,30,0,0,0,0,0,2.137
1812,DISABLED,30,0,0,0,0,0,1.755
1813,DISABLED,30,0,0,0,0,0,1.766
1814,DISABLED,30,0,0,0,0,0,1.898
1815,DISABLED,30,0,0,0,0,0,1.916
1816,DISABLED,30,0,0,0,0,0,2.032
1817,DISABLED,30,0,0,0,0,0,1.774
1818,DISABLED,30,0,0,0,0,0,1.938
1819,DISABLED,30,0,0,0,0,0,1.796
1820,DISABLED,30,0,0,0,0,0,2.062
1821,DISABLED,30,0,0,0,0,0,2.083
1822,DISABLED,30,0,0,0,0,0,2.016
1823,DISABLED,30,0,0,0,0,0,1.882
1824,DISABLED,30,0,0,0,0,0,1.925
1825,DISABLED,30,0,0,0,0,0,1.985
1826,DISABLED,30,0,0,0,0,0,1.990
1827,DISABLED,30,0,0,0,0,0,1.992
1828,DISABLED,30,0,0,0,0,0,2.035
1829,DISABLED,30,0,0,0,0,0,1.810
1830,DISABLED,30,0,0,0,0,0,1.813
1831,DISABLED,30,0,0,0,0,0,1.982
1832,DISABLED,30,0,0,0,0,0,1.578
1833,DISABLED,30,0,0,0,0,0,1.952
1834,DISABLED,30,0,0,0,0,0,1.875
1835,DISABLED,30,0,0,0,0,0,1.679
1836,DISABLED,30,0,0,0,0,0,2.000
1837,DISABLED,30,0,0,0,0,0,1.931
1838,DISABLED,30,0,0,0,0,0,1.865
1839,DISABLED,30,0,0,0,0,0,1.899
1840,DISABLED,30,0,0,0,0,0,2.206
1841,DISABLED,30,0,0,0,0,0,1.874
1842,DISABLED,30,0,0,0,0,0,1.742
1843,DISABLED,30,0,0,0,0,0,1.744
1844,DISABLED,30,0,0,0,0,0,2.001
1845,DISABLED,30,0,0,0,0,0,1.920
1846,DISABLED,30,0,0,0,0,0,1.943
1847,DISABLED,30,0,0,0,0,0,1.830
1848,DISABLED,30,0,0,0,0,0,1.940
1849,DISABLED,30,0,0,0,0,0,1.849
1850,DISABLED,30,0,0,0,0,0,2.000
1851,DISABLED,30,0,0,0,0,0,1.969
1852,DISABLED,30,0,0,0,0,0,1.977
1853,DISABLED,30,0,0,0,0,0,2.014
1854,DISABLED,30,0,0,0,0,0,2.006
1855,DISABLED,30,0,0,0,0,0,2.039
1856,DISABLED,30,0,0,0,0,0,1.985
1857,DISABLED,30,0,0,0,0,0,2.233
1858,DISABLED,30,0,0,0,0,0,1.804
1859,DISABLED,30,0,0,0,0,0,2.225
1860,DISABLED,30,0,0,0,0,0,1.886
1861,DISABLED,30,0,0,0,0,0,1.998
1862,DISABLED,30,0,0,0,0,0,2.178
1863,DISABLED,30,0,0,0,0,0,2.187
1864,DISABLED,30,0,0,0,0,0,1.853
1865,DISABLED,30,0,0,0,0,0,1.880
1866,DISABLED,30,0,0,0,0,0,1.767
1867,DISABLED,30,0,0,0,0,0,1.911
1868,DISABLED,30,0,0,0,0,0,1.844
1869,DISABLED,30,0,0,0,0,0,1.875
1870,DISABLED,30,0,0,0,0,0,2.002
1871,DISABLED,30,0,0,0,0,0,2.532
1872,DISABLED,30,0,0,0,0,0,1.766
1873,DISABLED,30,0,0,0,0,0,1.733
1874,DISABLED,30,0,0,0,0,0,1.972
1875,DISABLED,30,0,0,0,0,0,1.865
1876,DISABLED,30,0,0,0,0,0,1.937
1877,DISABLED,30,0,0,0,0,0,1.945
1878,DISABLED,30,0,0,0,0,0,1.781
1879,DISABLED,30,0,0,0,0,0,2.061
1880,DISABLED,30,0,0,0,0,0,2.053
1881,DISABLED,30,0,0,0,0,0,2.039
1882,DISABLED,30,0,0,0,0,0,1.986
1883,DISABLED,30,0,0,0,0,0,1.905
1884,DISABLED,30,0,0,0,0,0,2.163
1885,DISABLED,30,0,0,0,0,0,1.994
1886,DISABLED,30,0,0,0,0,0,1.917
1887,DISABLED,30,0,0,0,0,0,2.014
1888,DISABLED,30,0,0,0,0,0,1.811
1889,DISABLED,30,0,0,0,0,0,1.829
1890,DISABLED,30,0,0,0,0,0,1.809
1891,DISABLED,30,0,0,0,0,0,1.963
1892,DISABLED,30,0,0,0,0,0,1.546
1893,DISABLED,30,0,0,0,0,0,1.971
1894,DISABLED,30,0,0,0,0,0,1.880
1895,DISABLED,30,0,0,0,0,0,1.662
1896,DISABLED,30,0,0,0,0,0,1.748
1897,DISABLED,30,0,0,0,0,0,1.958
1898,DISABLED,30,0,0,0,0,0,1.937
1899,DISABLED,30,0,0,0,0,0,1.983
1900,DISABLED,30,0,0,0,0,0,1.993
1901,DISABLED,30,0,0,0,0,0,1.936
1902,DISABLED,30,0,0,0,0,0,1.749
1903,DISABLED,30,0,0,0,0,0,1.764
1904,DISABLED,30,0,0,0,0,0,1.960
1905,DISABLED,30,0,0,0,0,0,1.911
1906,DISABLED,30,0,0,0,0,0,2.167
1907,DISABLED,30,0,0,0,0,0,1.964
1908,DISABLED,30,0,0,0,0,0,1.768
1909,DISABLED,30,0,0,0,0,0,2.087
1910,DISABLED,30,0,0,0,0,0,1.951
1911,DISABLED,30,0,0,0,0,0,2.049
1912,DISABLED,30,0,0,0,0,0,1.930
1913,DISABLED,30,0,0,0,0,0,2.259
1914,DISABLED,30,0,0,0,0,0,1.904
1915,DISABLED,30,0,0,0,0,0,1.928
1916,DISABLED,30,0,0,0,0,0,2.035
1917,DISABLED,30,0,0,0,0,0,2.008
1918,DISABLED,30,0,0,0,0,0,1.794
1919,DISABLED,30,0,0,0,0,0,1.819
1920,DISABLED,30,0,0,0,0,0,1.826
1921,DISABLED,30,0,0,0,0,0,2.447
1922,DISABLED,30,0,0,0,0,0,1.607
1923,DISABLED,30,0,0,0,0,0,1.977
1924,DISABLED,30,0,0,0,0,0,1.857
1925,DISABLED,30,0,0,0,0,0,1.657
1926,DISABLED,30,0,0,0,0,0,1.759
1927,DISABLED,30,0,0,0,0,0,1.983
1928,DISABLED,30,0,0,0,0,0,2.342
1929,DISABLED,30,0,0,0,0,0,19.115
1930,DISABLED,30,0,0,0,0,0,2.485
1931,DISABLED,30,0,0,0,0,0,2.312
1932,DISABLED,30,0,0,0,0,0,1.832
1933,DISABLED,30,0,0,0,0,0,2.214
1934,DISABLED,30,0,0,0,0,0,1.968
1935,DISABLED,30,0,0,0,0,0,1.987
1936,DISABLED,30,0,0,0,0,0,2.003
1937,DISABLED,30,0,0,0,0,0,1.832
1938,DISABLED,30,0,0,0,0,0,2.065
1939,DISABLED,30,0,0,0,0,0,1.785
1940,DISABLED,30,0,0,0,0,0,2.066
1941,DISABLED,30,0,0,0,0,0,2.021
1942,DISABLED,30,0,0,0,0,0,1.958
1943,DISABLED,30,0,0,0,0,0,2.283
1944,DISABLED,30,0,0,0,0,0,1.927
1945,DISABLED,30,0,0,0,0,0,1.988
1946,DISABLED,30,0,0,0,0,0,1.980
1947,DISABLED,30,0,0,0,0,0,2.090
1948,DISABLED,30,0,0,0,0,0,1.848
1949,DISABLED,30,0,0,0,0,0,1.832
1950,DISABLED,30,0,0,0,0,0,1.864
1951,DISABLED,30,0,0,0,0,0,1.957
1952,DISABLED,30,0,0,0,0,0,1.537
1953,DISABLED,30,0,0,0,0,0,1.959
1954,DISABLED,30,0,0,0,0,0,2.244
1955,DISABLED,30,0,0,0,0,0,1.709
1956,DISABLED,30,0,0,0,0,0,1.750
1957,DISABLED,30,0,0,0,0,0,1.983
1958,DISABLED,30,0,0,0,0,0,1.855
1959,DISABLED,30,0,0,0,0,0,1.901
1960,DISABLED,30,0,0,0,0,0,1.975
1961,DISABLED,30,0,0,0,0,0,1.978
1962,DISABLED,30,0,0,0,0,0,1.746
1963,DISABLED,30,0,0,0,0,0,1.747
1964,DISABLED,30,0,0,0,0,0,1.948
1965,DISABLED,30,0,0,0,0,0,2.034
1966,DISABLED,30,0,0,0,0,0,1.762
1967,DISABLED,30,0,0,0,0,0,1.940
1968,DISABLED,30,0,0,0,0,0,1.934
1969,DISABLED,30,0,0,0,0,0,1.816
1970,DISABLED,30,0,0,0,0,0,1.943
1971,DISABLED,30,0,0,0,0,0,2.059
1972,DISABLED,30,0,0,0,0,0,2.043
1973,DISABLED,30,0,0,0,0,0,1.948
1974,DISABLED,30,0,0,0,0,0,1.948
1975,DISABLED,30,0,0,0,0,0,2.036
1976,DISABLED,30,0,0,0,0,0,1.966
1977,DISABLED,30,0,0,0,0,0,2.031
1978,DISABLED,30,0,0,0,0,0,1.819
1979,DISABLED,30,0,0,0,0,0,1.815
1980,DISABLED,30,0,0,0,0,0,1.831
1981,DISABLED,30,0,0,0,0,0,1.963
1982,DISABLED,30,0,0,0,0,0,1.551
1983,DISABLED,30,0,0,0,0,0,1.917
1984,DISABLED,30,0,0,0,0,0,1.866
1985,DISABLED,30,0,0,0,0,0,1.699
1986,DISABLED,30,0,0,0,0,0,1.778
1987,DISABLED,30,0,0,0,0,0,1.934
1988,DISABLED,30,0,0,0,0,0,1.854
1989,DISABLED,30,0,0,0,0,0,1.897
1990,DISABLED,30,0,0,0,0,0,2.388
1991,DISABLED,30,0,0,0,0,0,1.900
1992,DISABLED,30,0,0,0,0,0,1.746
1993,DISABLED,30,0,0,0,0,0,1.769
1994,DISABLED,30,0,0,0,0,0,1.925
1995,DISABLED,30,0,0,0,0,0,2.034
1996,DISABLED,30,0,0,0,0,0,1.777
1997,DISABLED,30,0,0,0,0,0,1.954
1998,DISABLED,30,0,0,0,0,0,1.955
1999,DISABLED,30,0,0,0,0,0,1.839
2000,DISABLED,30,0,0,0,0,0,1.966
2001,DISABLED,30,0,0,0,0,0,2.034
2002,DISABLED,30,0,0,0,0,0,2.058
2003,DISABLED,30,0,0,0,0,0,1.987
2004,DISABLED,30,0,0,0,0,0,1.916
2005,DISABLED,30,0,0,0,0,0,2.038
2006,DISABLED,30,0,0,0,0,0,1.948
2007,DISABLED,30,0,0,0,0,0,2.354
2008,DISABLED,30,0,0,0,0,0,1.848
2009,DISABLED,30,0,0,0,0,0,1.878
2010,DISABLED,30,0,0,0,0,0,1.848
2011,DISABLED,30,0,0,0,0,0,1.973
2012,DISABLED,30,0,0,0,0,0,1.547
2013,DISABLED,30,0,0,0,0,0,1.906
2014,DISABLED,30,0,0,0,0,0,1.847
2015,DISABLED,30,0,0,0,0,0,1.643
2016,DISABLED,30,0,0,0,0,0,1.784
2017,DISABLED,30,0,0,0,0,0,1.956
2018,DISABLED,30,0,0,0,0,0,1.935
2019,DISABLED,30,0,0,0,0,0,1.959
2020,DISABLED,30,0,0,0,0,0,2.017
2021,DISABLED,30,0,0,0,0,0,1.928
2022,DISABLED,30,0,0,0,0,0,1.753
2023,DISABLED,30,0,0,0,0,0,1.734
2024,DISABLED,30,0,0,0,0,0,1.989
2025,DISABLED,30,0,0,0,0,0,1.878
2026,DISABLED,30,0,0,0,0,0,1.950
2027,DISABLED,30,0,0,0,0,0,1.893
2028,DISABLED,30,0,0,0,0,0,1.772
2029,DISABLED,30,0,0,0,0,0,1.932
2030,DISABLED,30,0,0,0,0,0,1.994
2031,DISABLED,30,0,0,0,0,0,2.019
2032,DISABLED,30,0,0,0,0,0,2.000
2033,DISABLED,30,0,0,0,0,0,1.940
2034,DISABLED,30,0,0,0,0,0,1.925
2035,DISABLED,30,0,0,0,0,0,2.230
2036,DISABLED,30,0,0,0,0,0,1.984
2037,DISABLED,30,0,0,0,0,0,2.018
2038,DISABLED,30,0,0,0,0,0,1.846
2039,DISABLED,30,0,0,0,0,0,1.858
2040,DISABLED,30,0,0,0,0,0,1.793
2041,DISABLED,30,0,0,0,0,0,1.981
2042,DISABLED,30,0,0,0,0,0,1.631
2043,DISABLED,30,0,0,0,0,0,1.959
2044,DISABLED,30,0,0,0,0,0,1.933
2045,DISABLED,30,0,0,0,0,0,1.728
2046,DISABLED,30,0,0,0,0,0,1.794
2047,DISABLED,30,0,0,0,0,0,1.932
2048,DISABLED,30,0,0,0,0,0,1.855
2049,DISABLED,30,0,0,0,0,0,1.887
2050,DISABLED,30,0,0,0,0,0,1.988
2051,DISABLED,30,0,0,0,0,0,1.920
2052,DISABLED,30,0,0,0,0,0,1.715
2053,DISABLED,30,0,0,0,0,0,1.719
2054,DISABLED,30,0,0,0,0,0,1.965
2055,DISABLED,30,0,0,0,0,0,1.894
2056,DISABLED,30,0,0,0,0,0,1.950
2057,DISABLED,30,0,0,0,0,0,1.762
2058,DISABLED,30,0,0,0,0,0,1.996
2059,DISABLED,30,0,0,0,0,0,1.868
2060,DISABLED,30,0,0,0,0,0,2.015
2061,DISABLED,30,0,0,0,0,0,2.012
2062,DISABLED,30,0,0,0,0,0,1.989
2063,DISABLED,30,0,0,0,0,0,1.887
2064,DISABLED,30,0,0,0,0,0,1.949
2065,DISABLED,30,0,0,0,0,0,2.043
2066,DISABLED,30,0,0,0,0,0,2.000
2067,DISABLED,30,0,0,0,0,0,2.020
2068,DISABLED,30,0,0,0,0,0,1.826
2069,DISABLED,30,0,0,0,0,0,1.844
2070,DISABLED,30,0,0,0,0,0,1.925
2071,DISABLED,30,0,0,0,0,0,1.981
2072,DISABLED,30,0,0,0,0,0,1.568
2073,DISABLED,30,0,0,0,0,0,1.979
2074,DISABLED,30,0,0,0,0,0,1.856
2075,DISABLED,30,0,0,0,0,0,1.699
2076,DISABLED,30,0,0,0,0,0,1.786
2077,DISABLED,30,0,0,0,0,0,1.966
2078,DISABLED,30,0,0,0,0,0,1.853
2079,DISABLED,30,0,0,0,0,0,1.881
2080,DISABLED,30,0,0,0,0,0,1.997
2081,DISABLED,30,0,0,0,0,0,1.988
2082,DISABLED,30,0,0,0,0,0,1.754
2083,DISABLED,30,0,0,0,0,0,1.748
2084,DISABLED,30,0,0,0,0,0,1.943
2085,DISABLED,30,0,0,0,0,0,1.933
2086,DISABLED,30,0,0,0,0,0,1.824
2087,DISABLED,30,0,0,0,0,0,1.891
2088,DISABLED,30,0,0,0,0,0,1.936
2089,DISABLED,30,0,0,0,0,0,1.817
2090,DISABLED,30,0,0,0,0,0,2.130
2091,DISABLED,30,0,0,0,0,0,2.418
2092,DISABLED,30,0,0,0,0,0,2.023
2093,DISABLED,30,0,0,0,0,0,1.980
2094,DISABLED,30,0,0,0,0,0,1.951
2095,DISABLED,30,0,0,0,0,0,2.292
2096,DISABLED,30,0,0,0,0,0,1.989
2097,DISABLED,30,0,0,0,0,0,2.015
2098,DISABLED,30,0,0,0,0,0,1.893
2099,DISABLED,30,0,0,0,0,0,1.880
2100,DISABLED,30,0,0,0,0,0,1.886
2101,DISABLED,30,0,0,0,0,0,1.972
2102,DISABLED,30,0,0,0,0,0,1.567
2103,DISABLED,30,0,0,0,0,0,1.866
2104,DISABLED,30,0,0,0,0,0,1.951
2105,DISABLED,30,0,0,0,0,0,1.679
2106,DISABLED,30,0,0,0,0,0,1.981
2107,DISABLED,30,0,0,0,0,0,1.725
2108,DISABLED,30,0,0,0,0,0,1.883
2109,DISABLED,30,0,0,0,0,0,1.860
2110,DISABLED,30,0,0,0,0,0,1.944
2111,DISABLED,30,0,0,0,0,0,1.928
2112,DISABLED,30,0,0,0,0,0,1.762
2113,DISABLED,30,0,0,0,0,0,1.760
2114,DISABLED,30,0,0,0,0,0,2.011
2115,DISABLED,30,0,0,0,0,0,1.874
2116,DISABLED,30,0,0,0,0,0,2.050
2117,DISABLED,30,0,0,0,0,0,1.801
2118,DISABLED,30,0,0,0,0,0,1.848
2119,DISABLED,30,0,0,0,0,0,1.999
2120,DISABLED,30,0,0,0,0,0,2.012
2121,DISABLED,30,0,0,0,0,0,1.983
2122,DISABLED,30,0,0,0,0,0,2.223
2123,DISABLED,30,0,0,0,0,0,2.010
2124,DISABLED,30,0,0,0,0,0,1.889
2125,DISABLED,30,0,0,0,0,0,1.972
2126,DISABLED,30,0,0,0,0,0,1.966
2127,DISABLED,30,0,0,0,0,0,2.003
2128,DISABLED,30,0,0,0,0,0,1.784
2129,DISABLED,30,0,0,0,0,0,1.855
2130,DISABLED,30,0,0,0,0,0,1.897
2131,DISABLED,30,0,0,0,0,0,1.925
2132,DISABLED,30,0,0,0,0,0,1.546
2133,DISABLED,30,0,0,0,0,0,2.194
2134,DISABLED,30,0,0,0,0,0,1.879
2135,DISABLED,30,0,0,0,0,0,1.685
2136,DISABLED,30,0,0,0,0,0,1.738
2137,DISABLED,30,0,0,0,0,0,1.934
2138,DISABLED,30,0,0,0,0,0,1.879
2139,DISABLED,30,0,0,0,0,0,2.469
2140,DISABLED,30,0,0,0,0,0,1.973
2141,DISABLED,30,0,0,0,0,0,1.956
2142,DISABLED,30,0,0,0,0,0,1.755
2143,DISABLED,30,0,0,0,0,0,1.740
2144,DISABLED,30,0,0,0,0,0,1.928
2145,DISABLED,30,0,0,0,0,0,1.903
2146,DISABLED,30,0,0,0,0,0,1.815
2147,DISABLED,30,0,0,0,0,0,2.040
2148,DISABLED,30,0,0,0,0,0,1.971
2149,DISABLED,30,0,0,0,0,0,1.858
2150,DISABLED,30,0,0,0,0,0,1.933
2151,DISABLED,30,0,0,0,0,0,1.966
2152,DISABLED,30,0,0,0,0,0,2.033
2153,DISABLED,30,0,0,0,0,0,1.957
2154,DISABLED,30,0,0,0,0,0,2.018
2155,DISABLED,30,0,0,0,0,0,2.049
2156,DISABLED,30,0,0,0,0,0,1.955
2157,DISABLED,30,0,0,0,0,0,2.002
2158,DISABLED,30,0,0,0,0,0,1.859
2159,DISABLED,30,0,0,0,0,0,1.793
2160,DISABLED,30,0,0,0,0,0,1.893
2161,DISABLED,30,0,0,0,0,0,2.972
2162,DISABLED,30,0,0,0,0,0,1.554
2163,DISABLED,30,0,0,0,0,0,2.048
2164,DISABLED,30,0,0,0,0,0,1.955
2165,DISABLED,30,0,0,0,0,0,1.698
2166,DISABLED,30,0,0,0,0,0,2.263
2167,DISABLED,30,0,0,0,0,0,1.964
2168,DISABLED,30,0,0,0,0,0,2.384
2169,DISABLED,30,0,0,0,0,0,1.855
2170,DISABLED,30,0,0,0,0,0,1.962
2171,DISABLED,30,0,0,0,0,0,1.964
2172,DISABLED,30,0,0,0,0,0,1.792
2173,DISABLED,30,0,0,0,0,0,1.791
2174,DISABLED,30,0,0,0,0,0,1.979
2175,DISABLED,30,0,0,0,0,0,1.941
2176,DISABLED,30,0,0,0,0,0,2.025
2177,DISABLED,30,0,0,0,0,0,1.902
2178,DISABLED,30,0,0,0,0,0,1.765
2179,DISABLED,30,0,0,0,0,0,1.785
2180,DISABLED,30,0,0,0,0,0,1.989
2181,DISABLED,30,0,0,0,0,0,1.984
2182,DISABLED,30,0,0,0,0,0,1.958
2183,DISABLED,30,0,0,0,0,0,3.001
2184,DISABLED,30,0,0,0,0,0,1.928
2185,DISABLED,30,0,0,0,0,0,2.037
2186,DISABLED,30,0,0,0,0,0,1.965
2187,DISABLED,30,0,0,0,0,0,3.045
2188,DISABLED,30,0,0,0,0,0,1.815
2189,DISABLED,30,0,0,0,0,0,1.878
2190,DISABLED,30,0,0,0,0,0,2.400
2191,DISABLED,30,0,0,0,0,0,2.047
2192,DISABLED,30,0,0,0,0,0,1.548
2193,DISABLED,30,0,0,0,0,0,1.987
2194,DISABLED,30,0,0,0,0,0,1.872
2195,DISABLED,30,0,0,0,0,0,1.660
2196,DISABLED,30,0,0,0,0,0,1.791
2197,DISABLED,30,0,0,0,0,0,1.948
2198,DISABLED,30,0,0,0,0,0,1.824
2199,DISABLED,30,0,0,0,0,0,1.855
2200,DISABLED,30,0,0,0,0,0,1.954
2201,DISABLED,30,0,0,0,0,0,1.924
2202,DISABLED,30,0,0,0,0,0,2.247
2203,DISABLED,30,0,0,0,0,0,2.500
2204,DISABLED,30,0,0,0,0,0,1.928
2205,DISABLED,30,0,0,0,0,0,1.751
2206,DISABLED,30,0,0,0,0,0,1.823
2207,DISABLED,30,0,0,0,0,0,1.964
2208,DISABLED,30,0,0,0,0,0,1.916
2209,DISABLED,30,0,0,0,0,0,1.755
2210,DISABLED,30,0,0,0,0,0,1.967
2211,DISABLED,30,0,0,0,0,0,2.041
2212,DISABLED,30,0,0,0,0,0,1.925
2213,DISABLED,30,0,0,0,0,0,2.075
2214,DISABLED,30,0,0,0,0,0,1.893
2215,DISABLED,30,0,0,0,0,0,2.049
2216,DISABLED,30,0,0,0,0,0,1.994
2217,DISABLED,30,0,0,0,0,0,2.010
2218,DISABLED,30,0,0,0,0,0,2.275
2219,DISABLED,30,0,0,0,0,0,1.822
2220,DISABLED,30,0,0,0,0,0,1.876
2221,DISABLED,30,0,0,0,0,0,1.986
2222,DISABLED,30,0,0,0,0,0,1.590
2223,DISABLED,30,0,0,0,0,0,2.980
2224,DISABLED,30,0,0,0,0,0,1.870
2225,DISABLED,30,0,0,0,0,0,1.646
2226,DISABLED,30,0,0,0,0,0,1.762
2227,DISABLED,30,0,0,0,0,0,2.008
2228,DISABLED,30,0,0,0,0,0,1.909
2229,DISABLED,30,0,0,0,0,0,19.921
2230,DISABLED,30,0,0,0,0,0,1.980
2231,DISABLED,30,0,0,0,0,0,2.416
2232,DISABLED,30,0,0,0,0,0,2.293
2233,DISABLED,30,0,0,0,0,0,1.761
2234,DISABLED,30,0,0,0,0,0,2.042
2235,DISABLED,30,0,0,0,0,0,2.306
2236,DISABLED,30,0,0,0,0,0,2.345
2237,DISABLED,30,0,0,0,0,0,2.329
2238,DISABLED,30,0,0,0,0,0,2.034
2239,DISABLED,30,0,0,0,0,0,1.870
